Source,Target,Type,Id,Label,Weight,12,13,14,15,16,17,18,19,20,21,22
A:1:_:VAL,A:127:_:LYS,Undirected,0,,1,HBOND:MC_SC,2.867,146.345,O,NZ,A:127:_:LYS,,,,1,0
A:2:_:LEU,A:128:_:PHE,Undirected,1,,1,VDW:SC_SC,2.379,,HD23,HA,,,,,1,0
A:2:_:LEU,A:131:_:SER,Undirected,2,,1,VDW:SC_SC,2.42,,HG,HG,,,,,1,0
A:3:_:SER,A:6:_:ASP,Undirected,3,,4,VDW:SC_SC,3.211,106.773,OG,CG,A:6:_:ASP,,,,1,3
A:3:_:SER,A:7:_:LYS,Undirected,7,,1,HBOND:MC_MC,2.805,162.681,O,N,A:7:_:LYS,,,,1,0
A:4:_:PRO,A:8:_:THR,Undirected,8,,2,VDW:MC_SC,3.019,165.637,O,OG1,A:8:_:THR,,,,1,1
A:5:_:ALA,A:8:_:THR,Undirected,10,,1,VDW:MC_SC,2.739,,O,HB,,,,,1,0
A:5:_:ALA,A:9:_:ASN,Undirected,11,,1,HBOND:MC_MC,2.895,157.98,O,N,A:9:_:ASN,,,,1,0
A:6:_:ASP,A:10:_:VAL,Undirected,12,,1,HBOND:MC_MC,2.884,161.959,O,N,A:10:_:VAL,,,,1,0
A:6:_:ASP,A:124:_:SER,Undirected,13,,1,VDW:SC_SC,2.42,,HA,HB3,,,,,1,0
A:6:_:ASP,A:127:_:LYS,Undirected,14,,2,HBOND:SC_SC,2.65,158.574,OD2,NZ,A:127:_:LYS,A:127:_:LYS,,,1,1
A:7:_:LYS,A:11:_:LYS,Undirected,16,,1,HBOND:MC_MC,2.912,169.348,O,N,A:11:_:LYS,,,,1,0
A:7:_:LYS,A:74:_:ASP,Undirected,17,,2,HBOND:SC_SC,2.751,160.642,NZ,OD1,A:7:_:LYS,A:7:_:LYS,,,1,1
A:8:_:THR,A:12:_:ALA,Undirected,19,,1,HBOND:MC_MC,2.886,159.711,O,N,A:12:_:ALA,,,,1,0
A:9:_:ASN,A:13:_:ALA,Undirected,20,,1,HBOND:MC_MC,2.889,164.176,O,N,A:13:_:ALA,,,,1,0
A:9:_:ASN,A:124:_:SER,Undirected,21,,2,VDW:SC_SC,2.913,170.368,HD21,CB,A:9:_:ASN,,,,1,1
A:10:_:VAL,A:14:_:TRP,Undirected,23,,1,HBOND:MC_MC,2.884,168.278,O,N,A:14:_:TRP,,,,1,0
A:10:_:VAL,A:128:_:PHE,Undirected,24,,2,VDW:SC_SC,2.913,,CG2,HB2,,,,,1,1
A:11:_:LYS,A:15:_:GLY,Undirected,26,,1,HBOND:MC_MC,2.813,140.748,O,N,A:15:_:GLY,,,,1,0
A:12:_:ALA,A:16:_:LYS,Undirected,27,,2,VDW:MC_MC,3.047,149.263,O,N,A:16:_:LYS,,,,1,1
A:13:_:ALA,A:16:_:LYS,Undirected,29,,1,VDW:MC_SC,2.909,,C,H,,,,,1,0
A:13:_:ALA,A:17:_:VAL,Undirected,30,,1,HBOND:MC_MC,3.146,149.702,O,N,A:17:_:VAL,,,,1,0
A:14:_:TRP,A:18:_:GLY,Undirected,31,,1,HBOND:MC_MC,3.104,160.958,O,N,A:18:_:GLY,,,,1,0
A:14:_:TRP,A:67:_:THR,Undirected,32,,2,VDW:SC_SC,2.738,174.675,NE1,HA,A:14:_:TRP,,,,1,1
A:17:_:VAL,A:20:_:HIS,Undirected,34,,2,VDW:MC_SC,2.741,156.848,O,HB2,A:20:_:HIS,,,,1,1
A:17:_:VAL,A:109:_:LEU,Undirected,36,,1,VDW:SC_SC,2.888,,HG23,CD2,,,,,1,0
A:18:_:GLY,A:21:_:ALA,Undirected,37,,1,HBOND:MC_MC,3.356,156.744,O,N,A:21:_:ALA,,,,1,0
A:20:_:HIS,A:23:_:GLU,Undirected,38,,1,VDW:SC_SC,2.699,,HD1,OE1,,,,,1,0
A:20:_:HIS,A:24:_:TYR,Undirected,39,,4,VDW:SC_SC,2.927,159.828,HB3,CZ,A:24:_:TYR,,,"P,Θ 34.38,γ 10.45,δ 44.61",1,3
A:21:_:ALA,A:25:_:GLY,Undirected,43,,1,HBOND:MC_MC,2.845,153.993,O,N,A:25:_:GLY,,,,1,0
A:21:_:ALA,A:63:_:ALA,Undirected,44,,1,VDW:MC_SC,2.696,,O,HB1,,,,,1,0
A:22:_:GLY,A:26:_:ALA,Undirected,45,,2,VDW:MC_MC,3.085,162.272,O,N,A:26:_:ALA,,,,1,1
A:23:_:GLU,A:27:_:GLU,Undirected,47,,1,HBOND:MC_MC,2.978,155.87,O,N,A:27:_:GLU,,,,1,0
A:24:_:TYR,A:28:_:ALA,Undirected,48,,1,HBOND:MC_MC,2.842,158.09,O,N,A:28:_:ALA,,,,1,0
A:24:_:TYR,A:112:_:HIS,Undirected,49,,2,VDW:SC_SC,3.422,23.307,CE1,CG,,,,"P,Θ 52.49,γ 23.31,δ 71.44",1,1
A:25:_:GLY,A:29:_:LEU,Undirected,51,,2,VDW:MC_MC,3.07,165.862,O,N,A:29:_:LEU,,,,1,1
A:26:_:ALA,A:30:_:GLU,Undirected,53,,1,HBOND:MC_MC,3.01,164.148,O,N,A:30:_:GLU,,,,1,0
A:26:_:ALA,A:59:_:GLY,Undirected,54,,1,VDW:MC_SC,2.739,,N,HA3,,,,,1,0
A:27:_:GLU,A:31:_:ARG,Undirected,55,,3,VDW:SC_SC,2.926,164.131,CG,HE,A:31:_:ARG,,,,1,2
A:27:_:GLU,A:112:_:HIS,Undirected,58,,2,VDW:SC_SC,2.409,160.949,HE2,HE2,A:112:_:HIS,,,,1,1
A:28:_:ALA,A:32:_:MET,Undirected,60,,1,HBOND:MC_MC,2.891,157.897,O,N,A:32:_:MET,,,,1,0
A:28:_:ALA,A:104:_:CYS,Undirected,61,,1,VDW:MC_SC,2.739,,O,HB3,,,,,1,0
A:28:_:ALA,A:105:_:LEU,Undirected,62,,2,VDW:SC_SC,2.91,,CB,HD22,,,,,1,1
A:28:_:ALA,A:108:_:THR,Undirected,64,,1,VDW:SC_SC,2.696,,HA,OG1,,,,,1,0
A:29:_:LEU,A:32:_:MET,Undirected,65,,1,VDW:MC_SC,2.911,,C,H,,,,,1,0
A:29:_:LEU,A:33:_:PHE,Undirected,66,,1,HBOND:MC_MC,2.827,160.121,O,N,A:33:_:PHE,,,,1,0
A:29:_:LEU,A:59:_:GLY,Undirected,67,,2,VDW:SC_SC,2.909,,CD1,HA2,,,,,1,1
A:30:_:GLU,A:34:_:LEU,Undirected,69,,2,VDW:MC_SC,2.733,165.995,O,HG,A:34:_:LEU,,,,1,1
A:30:_:GLU,A:50:_:HIS,Undirected,71,,3,HBOND:SC_SC,3.157,140.108,OE1,ND1,A:50:_:HIS,A:50:_:HIS,,,1,2
A:31:_:ARG,A:35:_:SER,Undirected,74,,2,VDW:MC_SC,3.212,156.472,O,CB,A:35:_:SER,,,,1,1
A:31:_:ARG,A:104:_:CYS,Undirected,76,,1,VDW:SC_SC,2.408,,HB3,HB3,,,,,1,0
A:31:_:ARG,B:122:_:PHE,Undirected,77,,3,VDW:SC_MC,3.071,141.929,NH1,O,A:31:_:ARG,,,,1,2
A:31:_:ARG,B:124:_:PRO,Undirected,80,,1,VDW:SC_SC,2.423,,HG2,HG3,,,,,1,0
A:31:_:ARG,B:127:_:GLN,Undirected,81,,2,VDW:SC_SC,2.699,168.727,HB2,OE1,A:31:_:ARG,,,,1,1
A:32:_:MET,A:36:_:PHE,Undirected,83,,1,HBOND:MC_MC,2.784,155.616,O,N,A:36:_:PHE,,,,1,0
A:32:_:MET,A:39:_:THR,Undirected,84,,2,VDW:SC_SC,2.883,,CG,HG21,,,,,1,1
A:33:_:PHE,A:43:_:PHE,Undirected,86,,2,VDW:SC_SC,2.909,72.87,HE1,CE1,,,,"T,Θ 15.46,γ 72.87,δ 64.31",1,1
A:34:_:LEU,B:124:_:PRO,Undirected,88,,1,VDW:SC_SC,2.385,,HD12,HB2,,,,,1,0
A:35:_:SER,B:127:_:GLN,Undirected,89,,1,VDW:SC_SC,2.889,,HG,CD,,,,,1,0
A:35:_:SER,B:131:_:GLN,Undirected,90,,1,VDW:SC_SC,2.927,,CB,HG3,,,,,1,0
A:36:_:PHE,A:39:_:THR,Undirected,91,,1,HBOND:MC_SC,2.762,167.77,O,OG1,A:39:_:THR,,,,1,0
A:36:_:PHE,A:103:_:HIS,Undirected,92,,1,PIPISTACK:SC_SC,6.307,70.766,"4.526,-0.329,19.011","1.375,3.024,14.697",,,,"T,Θ 8.14,γ 70.77,δ 23.98",1,0
A:37:_:PRO,A:40:_:LYS,Undirected,93,,2,VDW:MC_SC,2.884,156.705,C,H,A:40:_:LYS,,,,1,1
A:38:_:THR,A:41:_:THR,Undirected,95,,2,VDW:MC_SC,2.916,160.845,C,H,A:41:_:THR,,,,1,1
A:39:_:THR,A:42:_:TYR,Undirected,97,,1,HBOND:MC_MC,3.368,168.655,O,N,A:42:_:TYR,,,,1,0
A:40:_:LYS,A:43:_:PHE,Undirected,98,,2,VDW:MC_MC,3.061,161.977,O,N,A:43:_:PHE,,,,1,1
A:40:_:LYS,A:48:_:LEU,Undirected,100,,1,VDW:SC_SC,2.417,,HG2,HD13,,,,,1,0
A:40:_:LYS,D:146:_:HIS,Undirected,101,,2,VDW:SC_MC,3.248,154.936,CE,OXT,A:40:_:LYS,,,,1,1
A:42:_:TYR,A:93:_:VAL,Undirected,103,,1,VDW:SC_SC,2.388,,HE1,HA,,,,,1,0
A:42:_:TYR,A:94:_:ASP,Undirected,104,,1,HBOND:SC_MC,2.921,169.344,OH,N,A:94:_:ASP,,,,1,0
A:43:_:PHE,A:46:_:PHE,Undirected,105,,2,HBOND:MC_MC,3.155,155.821,O,N,A:46:_:PHE,,,"T,Θ 11.26,γ 52.87,δ 63.10",1,1
A:43:_:PHE,A:58:_:HIS,Undirected,107,,1,PIPISTACK:SC_SC,5.403,49.423,"6.858,5.919,31.067","4.669,10.838,30.621",,,,"I,Θ 10.17,γ 49.42,δ 40.35",1,0
A:43:_:PHE,A:142:_:HEM,Undirected,108,,2,VDW:SC_LIG,2.902,21.42,HZ,CHD,,,,"P,Θ 14.95,γ 21.42,δ 32.83",1,1
A:45:_:HIS,A:142:_:HEM,Undirected,110,,1,HBOND:SC_LIG,2.579,168.255,NE2,O2D,A:45:_:HIS,,,,1,0
A:46:_:PHE,A:58:_:HIS,Undirected,111,,1,PIPISTACK:SC_SC,6.247,79.199,"4.432,7.019,35.559","4.669,10.838,30.621",,,,"T,Θ 21.66,γ 79.20,δ 48.29",1,0
A:47:_:ASP,A:52:_:SER,Undirected,112,,1,HBOND:MC_SC,2.716,136.499,O,OG,A:52:_:SER,,,,1,0
A:47:_:ASP,A:54:_:GLN,Undirected,113,,1,HBOND:MC_SC,2.67,171.005,N,OE1,A:47:_:ASP,,,,1,0
A:49:_:SER,A:52:_:SER,Undirected,114,,2,VDW:MC_SC,3.208,148.506,O,CB,A:52:_:SER,,,,1,1
A:52:_:SER,A:55:_:VAL,Undirected,116,,1,HBOND:SC_MC,3.396,168.272,OG,N,A:55:_:VAL,,,,1,0
A:52:_:SER,A:56:_:LYS,Undirected,117,,2,VDW:MC_SC,2.73,159.414,O,HG3,A:56:_:LYS,,,,1,1
A:53:_:ALA,A:57:_:GLY,Undirected,119,,1,HBOND:MC_MC,2.876,149.1,O,N,A:57:_:GLY,,,,1,0
A:54:_:GLN,A:58:_:HIS,Undirected,120,,1,HBOND:MC_MC,2.908,156.73,O,N,A:58:_:HIS,,,,1,0
A:55:_:VAL,A:59:_:GLY,Undirected,121,,1,HBOND:MC_MC,2.705,153.939,O,N,A:59:_:GLY,,,,1,0
A:56:_:LYS,A:60:_:LYS,Undirected,122,,2,VDW:MC_MC,3.05,148.539,O,N,A:60:_:LYS,,,,1,1
A:57:_:GLY,A:60:_:LYS,Undirected,124,,1,VDW:MC_SC,2.72,,O,H,,,,,1,0
A:57:_:GLY,A:61:_:LYS,Undirected,125,,1,HBOND:MC_MC,3.237,158.431,O,N,A:61:_:LYS,,,,1,0
A:58:_:HIS,A:62:_:VAL,Undirected,126,,1,HBOND:MC_MC,2.961,168.974,O,N,A:62:_:VAL,,,,1,0
A:58:_:HIS,A:142:_:HEM,Undirected,127,,1,PIPISTACK:SC_SC,4.836,71.704,"4.669,10.838,30.621","7.408,14.592,29.282",,,,"T,Θ 7.17,γ 71.70,δ 62.24",1,0
A:59:_:GLY,A:63:_:ALA,Undirected,128,,1,HBOND:MC_MC,2.983,163.104,O,N,A:63:_:ALA,,,,1,0
A:60:_:LYS,A:64:_:ASP,Undirected,129,,1,HBOND:MC_MC,2.868,157.47,O,N,A:64:_:ASP,,,,1,0
A:61:_:LYS,A:65:_:ALA,Undirected,130,,1,HBOND:MC_MC,3.015,155.407,O,N,A:65:_:ALA,,,,1,0
A:62:_:VAL,A:65:_:ALA,Undirected,131,,1,VDW:MC_SC,2.724,,O,H,,,,,1,0
A:62:_:VAL,A:66:_:LEU,Undirected,132,,1,HBOND:MC_MC,2.962,148.689,O,N,A:66:_:LEU,,,,1,0
A:63:_:ALA,A:66:_:LEU,Undirected,133,,1,VDW:MC_SC,2.698,,O,HB3,,,,,1,0
A:63:_:ALA,A:67:_:THR,Undirected,134,,1,HBOND:MC_MC,2.86,149.076,O,N,A:67:_:THR,,,,1,0
A:64:_:ASP,A:67:_:THR,Undirected,135,,1,VDW:MC_SC,2.713,,O,H,,,,,1,0
A:64:_:ASP,A:68:_:ASN,Undirected,136,,1,HBOND:MC_MC,2.985,158.378,O,N,A:68:_:ASN,,,,1,0
A:65:_:ALA,A:69:_:ALA,Undirected,137,,1,HBOND:MC_MC,2.851,154.557,O,N,A:69:_:ALA,,,,1,0
A:66:_:LEU,A:69:_:ALA,Undirected,138,,1,VDW:MC_SC,2.929,,C,H,,,,,1,0
A:66:_:LEU,A:70:_:VAL,Undirected,139,,2,VDW:MC_SC,3.212,154.786,O,CG2,A:70:_:VAL,,,,1,1
A:67:_:THR,A:71:_:ALA,Undirected,141,,2,VDW:MC_MC,3.046,153.631,O,N,A:71:_:ALA,,,,1,1
A:68:_:ASN,A:72:_:HIS,Undirected,143,,1,HBOND:MC_SC,2.797,160.583,O,ND1,A:72:_:HIS,,,,1,0
A:69:_:ALA,A:72:_:HIS,Undirected,144,,1,HBOND:MC_MC,3.207,130.225,O,N,A:72:_:HIS,,,,1,0
A:70:_:VAL,A:73:_:VAL,Undirected,145,,1,HBOND:MC_MC,3.229,138.027,O,N,A:73:_:VAL,,,,1,0
A:72:_:HIS,A:75:_:ASP,Undirected,146,,2,VDW:MC_MC,3.197,154.718,O,C,A:75:_:ASP,,,,1,1
A:75:_:ASP,A:79:_:ALA,Undirected,148,,1,HBOND:MC_MC,3.436,166.856,O,N,A:79:_:ALA,,,,1,0
A:76:_:MET,A:79:_:ALA,Undirected,149,,1,VDW:MC_SC,2.697,,O,H,,,,,1,0
A:76:_:MET,A:80:_:LEU,Undirected,150,,1,HBOND:MC_MC,2.946,158.361,O,N,A:80:_:LEU,,,,1,0
A:76:_:MET,A:131:_:SER,Undirected,151,,1,VDW:SC_SC,2.415,,HE1,HB2,,,,,1,0
A:77:_:PRO,A:81:_:SER,Undirected,152,,1,VDW:MC_MC,3.062,,O,N,,,,,1,0
A:78:_:ASN,A:81:_:SER,Undirected,153,,1,HBOND:MC_MC,3.196,165.187,O,N,A:81:_:SER,,,,1,0
A:80:_:LEU,A:83:_:LEU,Undirected,154,,1,VDW:MC_MC,3.074,,O,N,,,,,1,0
A:80:_:LEU,A:84:_:SER,Undirected,155,,1,HBOND:MC_MC,2.819,151.239,O,N,A:84:_:SER,,,,1,0
A:81:_:SER,A:84:_:SER,Undirected,156,,1,VDW:MC_SC,2.901,,C,H,,,,,1,0
A:81:_:SER,A:85:_:ASP,Undirected,157,,1,HBOND:MC_MC,2.966,155.65,O,N,A:85:_:ASP,,,,1,0
A:81:_:SER,A:139:_:LYS,Undirected,158,,1,HBOND:SC_SC,2.884,105.733,OG,NZ,A:139:_:LYS,,,,1,0
A:82:_:ALA,A:86:_:LEU,Undirected,159,,1,HBOND:MC_MC,2.988,158.74,O,N,A:86:_:LEU,,,,1,0
A:83:_:LEU,A:87:_:HIS,Undirected,160,,1,HBOND:MC_SC,2.837,155.709,O,ND1,A:87:_:HIS,,,,1,0
A:83:_:LEU,A:142:_:HEM,Undirected,161,,1,VDW:SC_LIG,2.926,,CD1,HMA,,,,,1,0
A:84:_:SER,A:88:_:ALA,Undirected,162,,1,HBOND:MC_MC,2.89,157.573,O,N,A:88:_:ALA,,,,1,0
A:85:_:ASP,A:89:_:HIS,Undirected,163,,1,HBOND:MC_MC,2.883,154.382,O,N,A:89:_:HIS,,,,1,0
A:86:_:LEU,A:90:_:LYS,Undirected,164,,2,VDW:MC_MC,3.077,143.463,O,N,A:90:_:LYS,,,,1,1
A:86:_:LEU,A:91:_:LEU,Undirected,166,,1,HBOND:MC_MC,2.87,160.554,O,N,A:91:_:LEU,,,,1,0
A:86:_:LEU,A:142:_:HEM,Undirected,167,,1,VDW:SC_LIG,2.396,,HD23,HBA,,,,,1,0
A:87:_:HIS,A:92:_:ARG,Undirected,168,,1,HBOND:MC_MC,2.884,129.761,O,N,A:92:_:ARG,,,,1,0
A:87:_:HIS,A:98:_:PHE,Undirected,169,,1,PIPISTACK:SC_SC,5.837,60.207,"11.591,13.611,27.094","11.819,10.615,22.090",,,,"T,Θ 9.04,γ 60.21,δ 45.97",1,0
A:87:_:HIS,A:142:_:HEM,Undirected,170,,2,VDW:SC_LIG,3.229,87.953,CE1,"7.408,14.592,29.282",,,,"T,Θ 45.38,γ 87.95,δ 11.20",1,1
A:88:_:ALA,A:92:_:ARG,Undirected,172,,1,VDW:MC_SC,3.198,,O,CG,,,,,1,0
A:88:_:ALA,A:140:_:TYR,Undirected,173,,1,VDW:SC_SC,2.929,,CB,HA,,,,,1,0
A:91:_:LEU,A:142:_:HEM,Undirected,174,,1,VDW:SC_LIG,3.371,,CD1,C4D,,,,,1,0
A:91:_:LEU,D:40:_:ARG,Undirected,175,,1,HBOND:MC_SC,2.757,145.564,O,NH2,D:40:_:ARG,,,,1,0
A:92:_:ARG,D:37:_:TRP,Undirected,176,,2,VDW:SC_SC,2.906,,CD,HA,,,,,1,1
A:92:_:ARG,D:40:_:ARG,Undirected,178,,2,VDW:SC_SC,2.907,,CZ,HA,,,,,1,1
A:92:_:ARG,D:43:_:GLU,Undirected,180,,1,HBOND:SC_SC,3.116,163.374,NH2,OE1,A:92:_:ARG,,,,1,0
A:93:_:VAL,A:97:_:ASN,Undirected,181,,1,VDW:SC_SC,2.412,,HG12,HB2,,,,,1,0
A:93:_:VAL,A:140:_:TYR,Undirected,182,,1,VDW:MC_SC,3.251,,O,CZ,,,,,1,0
A:93:_:VAL,A:142:_:HEM,Undirected,183,,1,VDW:SC_LIG,3.396,,CG1,CAC,,,,,1,0
A:94:_:ASP,A:97:_:ASN,Undirected,184,,2,VDW:MC_MC,3.048,152.67,O,N,A:97:_:ASN,,,,1,1
A:94:_:ASP,D:37:_:TRP,Undirected,186,,1,HBOND:SC_SC,2.896,156.313,OD2,NE1,D:37:_:TRP,,,,1,0
A:94:_:ASP,D:101:_:GLU,Undirected,187,,1,VDW:SC_SC,3.385,,CG,CG,,,,,1,0
A:95:_:PRO,A:98:_:PHE,Undirected,188,,2,VDW:SC_SC,2.882,154.267,HA,CD1,A:98:_:PHE,,,,1,1
A:96:_:VAL,A:99:_:LYS,Undirected,190,,1,VDW:MC_SC,2.732,,O,H,,,,,1,0
A:96:_:VAL,D:101:_:GLU,Undirected,191,,1,VDW:SC_SC,2.412,,HG11,HB2,,,,,1,0
A:97:_:ASN,A:100:_:LEU,Undirected,192,,3,VDW:MC_SC,2.714,122.113,O,HB3,A:100:_:LEU,,,,1,2
A:97:_:ASN,A:101:_:LEU,Undirected,195,,2,VDW:MC_MC,3.041,161.682,O,N,A:101:_:LEU,,,,1,1
A:97:_:ASN,D:99:_:ASP,Undirected,197,,1,HBOND:SC_SC,2.805,167.948,ND2,OD2,A:97:_:ASN,,,,1,0
A:98:_:PHE,A:102:_:SER,Undirected,198,,1,HBOND:MC_MC,2.92,165.833,O,N,A:102:_:SER,,,,1,0
A:98:_:PHE,A:140:_:TYR,Undirected,199,,2,VDW:SC_SC,2.893,81.359,CZ,HH,,,,"T,Θ 38.32,γ 81.36,δ 29.73",1,1
A:98:_:PHE,A:142:_:HEM,Undirected,201,,2,VDW:SC_LIG,2.421,41.195,HA,HMC,,,,"I,Θ 46.14,γ 41.20,δ 65.03",1,1
A:99:_:LYS,A:103:_:HIS,Undirected,203,,2,VDW:MC_MC,3.041,163.512,O,N,A:103:_:HIS,,,,1,1
A:100:_:LEU,A:104:_:CYS,Undirected,205,,1,HBOND:MC_MC,3.034,161.316,O,N,A:104:_:CYS,,,,1,0
A:101:_:LEU,A:104:_:CYS,Undirected,206,,2,VDW:MC_MC,3.073,,O,N,,,,,1,1
A:101:_:LEU,A:105:_:LEU,Undirected,208,,2,VDW:SC_SC,2.901,153.605,HG,CD1,A:105:_:LEU,,,,1,1
A:102:_:SER,A:105:_:LEU,Undirected,210,,3,VDW:MC_SC,2.906,,C,H,,,,,1,2
A:102:_:SER,A:106:_:LEU,Undirected,213,,1,HBOND:MC_MC,2.87,166.304,O,N,A:106:_:LEU,,,,1,0
A:102:_:SER,A:133:_:SER,Undirected,214,,1,VDW:SC_SC,2.717,,HG,OG,,,,,1,0
A:103:_:HIS,A:107:_:VAL,Undirected,215,,1,HBOND:MC_MC,2.883,164.089,O,N,A:107:_:VAL,,,,1,0
A:103:_:HIS,B:111:_:VAL,Undirected,216,,1,VDW:SC_SC,2.397,,HE2,HG11,,,,,1,0
A:103:_:HIS,B:131:_:GLN,Undirected,217,,1,HBOND:SC_SC,2.727,149.589,NE2,OE1,A:103:_:HIS,,,,1,0
A:104:_:CYS,A:108:_:THR,Undirected,218,,1,HBOND:MC_MC,2.933,158.698,O,N,A:108:_:THR,,,,1,0
A:105:_:LEU,A:109:_:LEU,Undirected,219,,2,VDW:MC_SC,3.235,167.254,O,CG,A:109:_:LEU,,,,1,1
A:106:_:LEU,A:110:_:ALA,Undirected,221,,1,HBOND:MC_MC,2.908,161.83,O,N,A:110:_:ALA,,,,1,0
A:107:_:VAL,A:110:_:ALA,Undirected,222,,1,VDW:MC_SC,2.7,,O,HB2,,,,,1,0
A:107:_:VAL,A:111:_:ALA,Undirected,223,,1,HBOND:MC_MC,2.956,158.467,O,N,A:111:_:ALA,,,,1,0
A:108:_:THR,A:112:_:HIS,Undirected,224,,1,VDW:SC_SC,2.415,,HG22,HD2,,,,,1,0
A:109:_:LEU,A:112:_:HIS,Undirected,225,,1,HBOND:MC_MC,3.03,144.355,O,N,A:112:_:HIS,,,,1,0
A:109:_:LEU,A:113:_:LEU,Undirected,226,,2,VDW:MC_SC,2.712,116.842,O,HG,A:113:_:LEU,,,,1,1
A:111:_:ALA,B:115:_:ALA,Undirected,228,,1,VDW:SC_SC,2.409,,HB1,HB3,,,,,1,0
A:111:_:ALA,B:119:_:GLY,Undirected,229,,1,VDW:SC_SC,2.418,,HA,HA2,,,,,1,0
A:113:_:LEU,A:117:_:PHE,Undirected,230,,2,VDW:MC_SC,2.737,163.691,O,HB2,A:117:_:PHE,,,,1,1
A:114:_:PRO,B:116:_:HIS,Undirected,232,,1,HBOND:MC_SC,2.725,153.653,O,NE2,B:116:_:HIS,,,,1,0
A:116:_:GLU,A:121:_:VAL,Undirected,233,,1,VDW:MC_SC,2.738,,O,HB,,,,,1,0
A:117:_:PHE,A:122:_:HIS,Undirected,234,,1,PIPISTACK:SC_SC,4.747,23.551,"-5.476,10.167,11.016","-1.988,8.487,8.269",,,,"P,Θ 32.55,γ 23.55,δ 55.04",1,0
A:117:_:PHE,B:30:_:ARG,Undirected,235,,1,HBOND:MC_SC,2.861,152.763,O,NH2,B:30:_:ARG,,,,1,0
A:117:_:PHE,B:116:_:HIS,Undirected,236,,1,PIPISTACK:SC_SC,5.666,57.778,"-5.476,10.167,11.016","-10.611,8.461,9.334",,,,"T,Θ 7.64,γ 57.78,δ 65.07",1,0
A:118:_:THR,A:121:_:VAL,Undirected,237,,2,VDW:SC_SC,2.418,158.605,H,HB,A:121:_:VAL,,,,1,1
A:118:_:THR,A:122:_:HIS,Undirected,239,,1,HBOND:MC_MC,2.838,169.207,O,N,A:122:_:HIS,,,,1,0
A:119:_:PRO,A:123:_:ALA,Undirected,240,,1,HBOND:MC_MC,2.974,158.972,O,N,A:123:_:ALA,,,,1,0
A:120:_:ALA,A:124:_:SER,Undirected,241,,1,HBOND:MC_MC,2.939,153.767,O,N,A:124:_:SER,,,,1,0
A:121:_:VAL,A:125:_:LEU,Undirected,242,,1,HBOND:MC_MC,2.811,158.952,O,N,A:125:_:LEU,,,,1,0
A:122:_:HIS,A:126:_:ASP,Undirected,243,,2,VDW:MC_SC,2.707,160.73,O,HB2,A:126:_:ASP,,,,1,1
A:122:_:HIS,B:30:_:ARG,Undirected,245,,2,VDW:SC_SC,3.077,159.533,ND1,NH1,B:30:_:ARG,,,,1,1
A:122:_:HIS,B:34:_:VAL,Undirected,247,,1,VDW:SC_SC,2.877,,CD2,HG23,,,,,1,0
A:123:_:ALA,A:127:_:LYS,Undirected,248,,2,VDW:MC_MC,3.072,164.34,O,N,A:127:_:LYS,,,,1,1
A:123:_:ALA,B:34:_:VAL,Undirected,250,,2,VDW:SC_SC,2.414,,HA,HG13,,,,,1,1
A:124:_:SER,A:127:_:LYS,Undirected,252,,1,VDW:MC_SC,2.694,,O,HB2,,,,,1,0
A:124:_:SER,A:128:_:PHE,Undirected,253,,1,HBOND:MC_MC,2.882,155.032,O,N,A:128:_:PHE,,,,1,0
A:125:_:LEU,A:129:_:LEU,Undirected,254,,1,HBOND:MC_MC,2.918,169.869,O,N,A:129:_:LEU,,,,1,0
A:126:_:ASP,A:130:_:ALA,Undirected,255,,1,HBOND:MC_MC,3.007,159.035,O,N,A:130:_:ALA,,,,1,0
A:126:_:ASP,B:35:_:TYR,Undirected,256,,1,VDW:SC_SC,2.711,,OD2,HE1,,,,,1,0
A:126:_:ASP,C:141:_:ARG,Undirected,257,,1,HBOND:SC_SC,2.77,157.598,OD2,NH1,C:141:_:ARG,,,,1,0
A:127:_:LYS,A:131:_:SER,Undirected,258,,2,VDW:MC_SC,3.068,148.994,O,OG,A:131:_:SER,,,,1,1
A:127:_:LYS,C:141:_:ARG,Undirected,260,,1,HBOND:SC_MC,2.838,158.463,NZ,OXT,A:127:_:LYS,,,,1,0
A:128:_:PHE,A:131:_:SER,Undirected,261,,1,VDW:MC_MC,3.066,,O,N,,,,,1,0
A:128:_:PHE,A:132:_:VAL,Undirected,262,,1,HBOND:MC_MC,2.809,163.885,O,N,A:132:_:VAL,,,,1,0
A:129:_:LEU,A:133:_:SER,Undirected,263,,1,HBOND:MC_MC,2.811,163.893,O,N,A:133:_:SER,,,,1,0
A:130:_:ALA,A:134:_:THR,Undirected,264,,1,HBOND:MC_MC,2.87,156.283,O,N,A:134:_:THR,,,,1,0
A:131:_:SER,A:135:_:VAL,Undirected,265,,1,HBOND:MC_MC,2.984,166.456,O,N,A:135:_:VAL,,,,1,0
A:132:_:VAL,A:135:_:VAL,Undirected,266,,1,VDW:MC_SC,2.707,,O,HB,,,,,1,0
A:132:_:VAL,A:136:_:LEU,Undirected,267,,1,HBOND:MC_MC,2.874,163.352,O,N,A:136:_:LEU,,,,1,0
A:133:_:SER,A:137:_:THR,Undirected,268,,2,VDW:MC_MC,3.084,163.427,O,N,A:137:_:THR,,,,1,1
A:134:_:THR,A:137:_:THR,Undirected,270,,3,VDW:MC_SC,2.872,138.992,C,H,A:137:_:THR,,,,1,2
A:134:_:THR,A:138:_:SER,Undirected,273,,1,VDW:MC_MC,3.057,,O,N,,,,,1,0
A:135:_:VAL,A:138:_:SER,Undirected,274,,1,HBOND:MC_MC,3.161,159.082,O,N,A:138:_:SER,,,,1,0
A:136:_:LEU,A:140:_:TYR,Undirected,275,,1,VDW:MC_SC,2.696,,O,HE1,,,,,1,0
A:136:_:LEU,A:142:_:HEM,Undirected,276,,1,VDW:SC_LIG,2.928,,HD11,CMB,,,,,1,0
A:137:_:THR,A:140:_:TYR,Undirected,277,,2,VDW:SC_SC,2.403,158.566,HA,HD1,A:140:_:TYR,,,,1,1
A:140:_:TYR,D:37:_:TRP,Undirected,279,,2,VDW:SC_SC,2.88,63.1,HB3,CE3,,,,"T,Θ 7.04,γ 63.10,δ 55.97",1,1
A:141:_:ARG,C:126:_:ASP,Undirected,281,,2,HBOND:SC_SC,3.111,131.503,NH2,OD2,A:141:_:ARG,,,,1,1
A:141:_:ARG,C:127:_:LYS,Undirected,283,,3,VDW:MC_SC,2.721,164.766,OXT,HD2,C:127:_:LYS,,,,1,2
A:141:_:ARG,D:34:_:VAL,Undirected,286,,2,VDW:SC_MC,3.228,158.141,CD,O,A:141:_:ARG,,,,1,1
A:141:_:ARG,D:37:_:TRP,Undirected,288,,1,VDW:SC_SC,2.381,,HD3,HZ3,,,,,1,0
B:2:_:HIS,B:132:_:LYS,Undirected,289,,1,HBOND:MC_SC,2.631,131.201,O,NZ,B:132:_:LYS,,,,1,0
B:3:_:LEU,B:7:_:GLU,Undirected,290,,1,VDW:MC_SC,3.237,,CA,OE1,,,,,1,0
B:3:_:LEU,B:11:_:VAL,Undirected,291,,1,VDW:SC_SC,2.381,,HD23,HG23,,,,,1,0
B:3:_:LEU,B:133:_:VAL,Undirected,292,,1,VDW:SC_SC,2.391,,HD23,HG22,,,,,1,0
B:4:_:THR,B:7:_:GLU,Undirected,293,,3,VDW:SC_SC,3.21,160.632,OG1,CG,B:7:_:GLU,,,,1,2
B:4:_:THR,B:8:_:LYS,Undirected,296,,1,HBOND:MC_MC,2.828,169.203,O,N,B:8:_:LYS,,,,1,0
B:5:_:PRO,B:9:_:SER,Undirected,297,,1,HBOND:MC_MC,2.994,167.75,O,N,B:9:_:SER,,,,1,0
B:6:_:GLU,B:10:_:ALA,Undirected,298,,1,HBOND:MC_MC,2.903,154.154,O,N,B:10:_:ALA,,,,1,0
B:7:_:GLU,B:10:_:ALA,Undirected,299,,1,VDW:MC_SC,2.734,,O,H,,,,,1,0
B:7:_:GLU,B:11:_:VAL,Undirected,300,,2,VDW:MC_SC,3.25,157.93,O,CG2,B:11:_:VAL,,,,1,1
B:7:_:GLU,B:132:_:LYS,Undirected,302,,2,HBOND:SC_SC,2.915,164.592,OE1,NZ,B:132:_:LYS,B:132:_:LYS,,,1,1
B:8:_:LYS,B:11:_:VAL,Undirected,304,,1,VDW:MC_SC,2.721,,O,H,,,,,1,0
B:8:_:LYS,B:12:_:THR,Undirected,305,,1,HBOND:MC_MC,2.984,172.915,O,N,B:12:_:THR,,,,1,0
B:8:_:LYS,B:79:_:ASP,Undirected,306,,2,HBOND:SC_SC,2.693,95.892,NZ,OD1,B:8:_:LYS,B:8:_:LYS,,,1,1
B:9:_:SER,B:13:_:ALA,Undirected,308,,2,VDW:MC_SC,3.227,153.243,O,CB,B:13:_:ALA,,,,1,1
B:10:_:ALA,B:14:_:LEU,Undirected,310,,1,HBOND:MC_MC,3.212,165.472,O,N,B:14:_:LEU,,,,1,0
B:11:_:VAL,B:15:_:TRP,Undirected,311,,1,HBOND:MC_MC,2.994,155.039,O,N,B:15:_:TRP,,,,1,0
B:11:_:VAL,B:130:_:TYR,Undirected,312,,1,HBOND:MC_SC,2.769,123.473,O,OH,B:130:_:TYR,,,,1,0
B:12:_:THR,B:16:_:GLY,Undirected,313,,2,VDW:MC_MC,3.077,137.761,O,N,B:16:_:GLY,,,,1,1
B:14:_:LEU,B:17:_:LYS,Undirected,315,,2,VDW:MC_SC,2.719,149.715,O,HB2,B:17:_:LYS,,,,1,1
B:15:_:TRP,B:18:_:VAL,Undirected,317,,3,VDW:SC_SC,2.879,159.281,CE3,HG23,B:18:_:VAL,,,,1,2
B:15:_:TRP,B:71:_:PHE,Undirected,320,,1,PIPISTACK:SC_SC,5.531,43.356,"-8.577,-7.634,7.832","-3.127,-7.981,6.951",,,,"I,Θ 49.18,γ 43.36,δ 9.26",1,0
B:15:_:TRP,B:72:_:SER,Undirected,321,,2,VDW:SC_SC,2.384,160.161,HZ2,HB2,B:15:_:TRP,,,,1,1
B:15:_:TRP,B:75:_:LEU,Undirected,323,,1,VDW:SC_SC,2.879,,CE2,HD12,,,,,1,0
B:15:_:TRP,B:130:_:TYR,Undirected,324,,1,PIPISTACK:SC_SC,6.289,28.96,"-8.577,-7.634,7.832","-6.523,-6.235,13.609",,,,"P,Θ 21.45,γ 28.96,δ 10.21",1,0
B:17:_:LYS,B:118:_:PHE,Undirected,325,,1,VDW:SC_SC,2.409,,HB3,HE1,,,,,1,0
B:17:_:LYS,B:121:_:GLU,Undirected,326,,3,VDW:SC_SC,2.777,165.992,NZ,HE2,B:17:_:LYS,B:17:_:LYS,,,1,2
B:19:_:ASN,B:22:_:GLU,Undirected,329,,3,VDW:SC_SC,3.086,166.441,ND2,OE2,B:22:_:GLU,,,,1,2
B:19:_:ASN,B:23:_:VAL,Undirected,332,,1,HBOND:MC_MC,2.87,174.729,O,N,B:23:_:VAL,,,,1,0
B:20:_:VAL,B:24:_:GLY,Undirected,333,,1,HBOND:MC_MC,2.877,148.752,O,N,B:24:_:GLY,,,,1,0
B:20:_:VAL,B:72:_:SER,Undirected,334,,1,VDW:SC_SC,2.402,,HG23,HG,,,,,1,0
B:21:_:ASP,B:25:_:GLY,Undirected,335,,1,HBOND:MC_MC,3.155,163.088,O,N,B:25:_:GLY,,,,1,0
B:21:_:ASP,B:65:_:LYS,Undirected,336,,1,VDW:SC_SC,3.231,,OD1,CG,,,,,1,0
B:22:_:GLU,B:26:_:GLU,Undirected,337,,1,HBOND:MC_MC,3.018,158.117,O,N,B:26:_:GLU,,,,1,0
B:23:_:VAL,B:27:_:ALA,Undirected,338,,1,HBOND:MC_MC,2.841,160.523,O,N,B:27:_:ALA,,,,1,0
B:23:_:VAL,B:68:_:LEU,Undirected,339,,1,VDW:SC_SC,2.892,,HG12,CD2,,,,,1,0
B:24:_:GLY,B:28:_:LEU,Undirected,340,,1,HBOND:MC_MC,2.883,171.898,O,N,B:28:_:LEU,,,,1,0
B:24:_:GLY,B:64:_:GLY,Undirected,341,,1,VDW:MC_SC,2.919,,C,HA3,,,,,1,0
B:24:_:GLY,B:68:_:LEU,Undirected,342,,2,VDW:MC_SC,2.725,,N,HD21,,,,,1,1
B:25:_:GLY,B:29:_:GLY,Undirected,344,,1,HBOND:MC_MC,2.95,160.656,O,N,B:29:_:GLY,,,,1,0
B:26:_:GLU,B:30:_:ARG,Undirected,345,,4,VDW:MC_SC,3.21,164.518,O,CG,B:30:_:ARG,,,,1,3
B:27:_:ALA,B:31:_:LEU,Undirected,349,,1,HBOND:MC_MC,2.886,154.544,O,N,B:31:_:LEU,,,,1,0
B:28:_:LEU,B:31:_:LEU,Undirected,350,,1,VDW:MC_SC,2.696,,O,H,,,,,1,0
B:28:_:LEU,B:32:_:LEU,Undirected,351,,1,HBOND:MC_MC,3.183,157.722,O,N,B:32:_:LEU,,,,1,0
B:29:_:GLY,B:33:_:VAL,Undirected,352,,1,HBOND:MC_MC,2.986,139.958,O,N,B:33:_:VAL,,,,1,0
B:29:_:GLY,B:54:_:VAL,Undirected,353,,1,VDW:MC_SC,2.7,,O,HG11,,,,,1,0
B:30:_:ARG,B:34:_:VAL,Undirected,354,,1,HBOND:MC_MC,2.816,166.015,O,N,B:34:_:VAL,,,,1,0
B:31:_:LEU,B:35:_:TYR,Undirected,355,,2,VDW:SC_SC,2.923,151.604,HD12,CD2,B:35:_:TYR,,,,1,1
B:31:_:LEU,B:38:_:THR,Undirected,357,,1,VDW:SC_SC,2.742,,HG,OG1,,,,,1,0
B:31:_:LEU,B:109:_:VAL,Undirected,358,,1,VDW:SC_SC,2.401,,HA,HG23,,,,,1,0
B:32:_:LEU,B:39:_:GLN,Undirected,359,,1,HBOND:MC_SC,2.948,160.019,O,NE2,B:39:_:GLN,,,,1,0
B:32:_:LEU,B:42:_:PHE,Undirected,360,,1,VDW:SC_SC,2.922,,HD11,CE2,,,,,1,0
B:34:_:VAL,C:141:_:ARG,Undirected,361,,1,HBOND:MC_SC,2.971,156.267,O,NH1,C:141:_:ARG,,,,1,0
B:35:_:TYR,B:38:_:THR,Undirected,362,,1,HBOND:MC_SC,2.747,161.737,O,OG1,B:38:_:THR,,,,1,0
B:36:_:PRO,B:39:_:GLN,Undirected,363,,2,VDW:MC_SC,3.223,158.666,O,CB,B:39:_:GLN,,,,1,1
B:37:_:TRP,B:40:_:ARG,Undirected,365,,1,HBOND:MC_MC,3.13,162.279,O,N,B:40:_:ARG,,,,1,0
B:37:_:TRP,C:94:_:ASP,Undirected,366,,2,VDW:SC_SC,2.881,158.286,HE1,CG,B:37:_:TRP,,,,1,1
B:37:_:TRP,C:140:_:TYR,Undirected,368,,3,VDW:SC_SC,2.875,63.34,CE3,HB3,,,,"T,Θ 58.43,γ 63.34,δ 3.22",1,2
B:38:_:THR,B:41:_:PHE,Undirected,371,,1,HBOND:MC_MC,3.42,173.466,O,N,B:41:_:PHE,,,,1,0
B:39:_:GLN,B:42:_:PHE,Undirected,372,,1,HBOND:MC_MC,3.021,153.973,O,N,B:42:_:PHE,,,,1,0
B:40:_:ARG,C:91:_:LEU,Undirected,373,,2,HBOND:SC_MC,3.015,137.535,NH2,O,B:40:_:ARG,,,,1,1
B:41:_:PHE,B:97:_:HIS,Undirected,375,,1,VDW:SC_MC,2.7,,HE1,O,,,,,1,0
B:41:_:PHE,B:98:_:VAL,Undirected,376,,1,VDW:SC_SC,2.919,,CE1,HA,,,,,1,0
B:41:_:PHE,B:102:_:ASN,Undirected,377,,1,VDW:SC_SC,2.898,,CE2,HD22,,,,,1,0
B:41:_:PHE,B:147:_:HEM,Undirected,378,,2,VDW:SC_LIG,2.889,,HB3,CMD,,,,,1,1
B:42:_:PHE,B:45:_:PHE,Undirected,380,,4,VDW:SC_SC,2.928,160.996,HD1,CE2,B:45:_:PHE,,,"T,Θ 18.76,γ 54.63,δ 69.09",1,3
B:42:_:PHE,B:63:_:HIS,Undirected,384,,1,PIPISTACK:SC_SC,5.632,56.85,"2.535,0.612,-5.842","-0.724,-3.981,-5.943",,,,"T,Θ 15.64,γ 56.85,δ 41.81",1,0
B:42:_:PHE,B:147:_:HEM,Undirected,385,,1,PIPISTACK:SC_SC,6.229,31.468,"2.535,0.612,-5.842","3.773,-3.761,-1.582",,,,"I,Θ 11.18,γ 31.47,δ 39.43",1,0
B:43:_:GLU,C:92:_:ARG,Undirected,386,,1,HBOND:SC_SC,2.573,164.041,OE2,NH2,C:92:_:ARG,,,,1,0
B:45:_:PHE,B:57:_:ASN,Undirected,387,,1,HBOND:MC_SC,2.871,155.153,O,ND2,B:57:_:ASN,,,,1,0
B:45:_:PHE,B:63:_:HIS,Undirected,388,,2,VDW:SC_SC,2.901,82.235,CE2,HB2,,,,"T,Θ 56.31,γ 82.23,δ 11.75",1,1
B:47:_:ASP,B:57:_:ASN,Undirected,390,,1,HBOND:MC_SC,2.914,164.328,O,ND2,B:57:_:ASN,,,,1,0
B:48:_:LEU,B:54:_:VAL,Undirected,391,,1,VDW:SC_SC,2.418,,HB2,HG21,,,,,1,0
B:50:_:THR,B:53:_:ALA,Undirected,392,,4,VDW:MC_SC,2.713,154.681,O,HB2,B:53:_:ALA,,,,1,3
B:50:_:THR,B:54:_:VAL,Undirected,396,,1,HBOND:MC_MC,2.842,166.014,O,N,B:54:_:VAL,,,,1,0
B:51:_:PRO,B:55:_:MET,Undirected,397,,1,HBOND:MC_MC,2.836,171.962,O,N,B:55:_:MET,,,,1,0
B:52:_:ASP,B:56:_:GLY,Undirected,398,,1,HBOND:MC_MC,2.94,150.206,O,N,B:56:_:GLY,,,,1,0
B:53:_:ALA,B:57:_:ASN,Undirected,399,,1,VDW:MC_MC,3.079,,O,N,,,,,1,0
B:54:_:VAL,B:57:_:ASN,Undirected,400,,2,VDW:MC_SC,2.707,152.256,O,HB3,B:57:_:ASN,,,,1,1
B:57:_:ASN,B:60:_:VAL,Undirected,402,,3,VDW:SC_SC,2.926,156.998,CG,HG22,B:60:_:VAL,,,,1,2
B:57:_:ASN,B:61:_:LYS,Undirected,405,,1,HBOND:MC_MC,2.873,164.616,O,N,B:61:_:LYS,,,,1,0
B:58:_:PRO,B:62:_:ALA,Undirected,406,,1,HBOND:MC_MC,2.834,154.01,O,N,B:62:_:ALA,,,,1,0
B:59:_:LYS,B:63:_:HIS,Undirected,407,,1,HBOND:MC_MC,2.916,164.444,O,N,B:63:_:HIS,,,,1,0
B:60:_:VAL,B:64:_:GLY,Undirected,408,,1,HBOND:MC_MC,2.814,158.467,O,N,B:64:_:GLY,,,,1,0
B:61:_:LYS,B:65:_:LYS,Undirected,409,,2,VDW:MC_MC,3.077,164.763,O,N,B:65:_:LYS,,,,1,1
B:62:_:ALA,B:66:_:LYS,Undirected,411,,1,HBOND:MC_MC,3.128,154.945,O,N,B:66:_:LYS,,,,1,0
B:63:_:HIS,B:66:_:LYS,Undirected,412,,3,VDW:SC_SC,2.402,109.764,HA,HD2,B:66:_:LYS,,,,1,2
B:63:_:HIS,B:67:_:VAL,Undirected,415,,1,HBOND:MC_MC,2.795,165.714,O,N,B:67:_:VAL,,,,1,0
B:63:_:HIS,B:147:_:HEM,Undirected,416,,1,PIPISTACK:SC_SC,5.264,85.03,"-0.724,-3.981,-5.943","0.806,-8.762,-4.359",,,,"T,Θ 28.63,γ 85.03,δ 55.14",1,0
B:64:_:GLY,B:68:_:LEU,Undirected,417,,1,HBOND:MC_MC,2.925,171.196,O,N,B:68:_:LEU,,,,1,0
B:65:_:LYS,B:69:_:GLY,Undirected,418,,1,HBOND:MC_MC,2.883,143.573,O,N,B:69:_:GLY,,,,1,0
B:66:_:LYS,B:70:_:ALA,Undirected,419,,2,VDW:MC_MC,3.099,153.657,O,N,B:70:_:ALA,,,,1,1
B:67:_:VAL,B:71:_:PHE,Undirected,421,,2,VDW:MC_MC,3.043,164.628,O,N,B:71:_:PHE,,,,1,1
B:67:_:VAL,B:147:_:HEM,Undirected,423,,1,VDW:SC_LIG,2.751,,HG21,NB,,,,,1,0
B:68:_:LEU,B:72:_:SER,Undirected,424,,1,HBOND:MC_MC,2.769,156.281,O,N,B:72:_:SER,,,,1,0
B:69:_:GLY,B:73:_:ASP,Undirected,425,,2,VDW:MC_SC,3.211,157.758,O,CG,B:73:_:ASP,,,,1,1
B:70:_:ALA,B:73:_:ASP,Undirected,427,,1,VDW:MC_SC,2.704,,O,HB2,,,,,1,0
B:70:_:ALA,B:74:_:GLY,Undirected,428,,2,VDW:MC_MC,3.062,151.292,O,N,B:74:_:GLY,,,,1,1
B:70:_:ALA,B:147:_:HEM,Undirected,430,,1,VDW:SC_LIG,2.402,,HB1,HMAA,,,,,1,0
B:71:_:PHE,B:74:_:GLY,Undirected,431,,1,HBOND:MC_MC,3.019,114.315,O,N,B:74:_:GLY,,,,1,0
B:71:_:PHE,B:147:_:HEM,Undirected,432,,1,VDW:SC_LIG,2.901,,HD2,CBB,,,,,1,0
B:72:_:SER,B:75:_:LEU,Undirected,433,,1,HBOND:MC_MC,2.968,142.428,O,N,B:75:_:LEU,,,,1,0
B:73:_:ASP,B:76:_:ALA,Undirected,434,,1,HBOND:MC_MC,3.172,163.575,O,N,B:76:_:ALA,,,,1,0
B:73:_:ASP,B:77:_:HIS,Undirected,435,,1,VDW:MC_SC,2.722,,O,HD1,,,,,1,0
B:74:_:GLY,B:77:_:HIS,Undirected,436,,1,HBOND:MC_MC,3.032,150.937,O,N,B:77:_:HIS,,,,1,0
B:75:_:LEU,B:133:_:VAL,Undirected,437,,1,VDW:SC_SC,2.899,,CD2,HG11,,,,,1,0
B:77:_:HIS,B:80:_:ASN,Undirected,438,,1,HBOND:MC_MC,2.929,157.024,O,N,B:80:_:ASN,,,,1,0
B:80:_:ASN,B:84:_:THR,Undirected,439,,1,HBOND:MC_MC,2.923,156.295,O,N,B:84:_:THR,,,,1,0
B:81:_:LEU,B:84:_:THR,Undirected,440,,1,VDW:MC_SC,2.702,,O,H,,,,,1,0
B:81:_:LEU,B:85:_:PHE,Undirected,441,,2,VDW:SC_SC,2.925,157.602,CD2,HE2,B:85:_:PHE,,,,1,1
B:81:_:LEU,B:136:_:GLY,Undirected,443,,1,VDW:SC_MC,2.883,,HD13,C,,,,,1,0
B:85:_:PHE,B:89:_:SER,Undirected,444,,1,HBOND:MC_MC,2.778,146.386,O,N,B:89:_:SER,,,,1,0
B:86:_:ALA,B:90:_:GLU,Undirected,445,,1,HBOND:MC_MC,3.012,169.536,O,N,B:90:_:GLU,,,,1,0
B:87:_:THR,B:91:_:LEU,Undirected,446,,1,HBOND:MC_MC,3.139,156.36,O,N,B:91:_:LEU,,,,1,0
B:88:_:LEU,B:92:_:HIS,Undirected,447,,1,HBOND:MC_SC,2.682,158.857,O,ND1,B:92:_:HIS,,,,1,0
B:89:_:SER,B:92:_:HIS,Undirected,448,,1,VDW:MC_SC,2.742,,O,H,,,,,1,0
B:89:_:SER,B:93:_:CYS,Undirected,449,,1,HBOND:MC_MC,2.957,150.983,O,N,B:93:_:CYS,,,,1,0
B:89:_:SER,B:141:_:LEU,Undirected,450,,1,VDW:SC_MC,2.724,,HA,O,,,,,1,0
B:89:_:SER,B:144:_:LYS,Undirected,451,,2,VDW:SC_SC,3.231,149.007,OG,CB,B:144:_:LYS,,,,1,1
B:90:_:GLU,B:93:_:CYS,Undirected,453,,1,VDW:MC_SC,2.906,,C,H,,,,,1,0
B:90:_:GLU,B:94:_:ASP,Undirected,454,,1,HBOND:MC_MC,2.775,155.567,O,N,B:94:_:ASP,,,,1,0
B:91:_:LEU,B:95:_:LYS,Undirected,455,,2,VDW:MC_SC,2.736,148.543,O,HB2,B:95:_:LYS,,,,1,1
B:91:_:LEU,B:96:_:LEU,Undirected,457,,1,HBOND:MC_MC,2.938,154.989,O,N,B:96:_:LEU,,,,1,0
B:92:_:HIS,B:96:_:LEU,Undirected,458,,1,VDW:SC_SC,2.919,,CD2,HD12,,,,,1,0
B:92:_:HIS,B:98:_:VAL,Undirected,459,,1,HBOND:MC_MC,2.886,170.772,O,N,B:98:_:VAL,,,,1,0
B:92:_:HIS,B:103:_:PHE,Undirected,460,,1,PIPISTACK:SC_SC,5.41,77.019,"5.358,-8.667,-2.695","6.802,-6.590,2.087",,,,"T,Θ 18.56,γ 77.02,δ 57.94",1,0
B:92:_:HIS,B:147:_:HEM,Undirected,461,,2,VDW:SC_LIG,2.759,85.316,HE1,"0.806,-8.762,-4.359",,,,"T,Θ 13.36,γ 85.32,δ 43.99",1,1
B:93:_:CYS,B:145:_:TYR,Undirected,463,,2,VDW:SC_SC,2.887,,HA,CE2,,,,,1,1
B:94:_:ASP,B:97:_:HIS,Undirected,465,,1,VDW:MC_SC,3.196,,O,CE1,,,,,1,0
B:94:_:ASP,B:146:_:HIS,Undirected,466,,1,HBOND:SC_SC,2.694,155.644,OD1,NE2,B:146:_:HIS,,,,1,0
B:96:_:LEU,B:147:_:HEM,Undirected,467,,1,VDW:SC_LIG,2.4,,HD21,HAD,,,,,1,0
B:97:_:HIS,C:41:_:THR,Undirected,468,,2,VDW:MC_SC,2.908,,C,HB,,,,,1,1
B:98:_:VAL,B:145:_:TYR,Undirected,470,,2,VDW:MC_SC,3.204,96.973,O,CZ,B:145:_:TYR,,,,1,1
B:99:_:ASP,B:102:_:ASN,Undirected,472,,3,VDW:MC_MC,3.047,149.955,O,N,B:102:_:ASN,,,,1,2
B:99:_:ASP,C:42:_:TYR,Undirected,475,,2,VDW:SC_SC,3.245,,CB,OH,,,,,1,1
B:99:_:ASP,C:97:_:ASN,Undirected,477,,1,HBOND:SC_SC,2.915,172.287,OD2,ND2,C:97:_:ASN,,,,1,0
B:100:_:PRO,B:103:_:PHE,Undirected,478,,2,VDW:MC_SC,2.913,132.696,C,H,B:103:_:PHE,,,,1,1
B:100:_:PRO,B:142:_:ALA,Undirected,480,,1,VDW:SC_SC,2.898,,HB3,CB,,,,,1,0
B:100:_:PRO,C:38:_:THR,Undirected,481,,1,VDW:SC_SC,2.907,,CD,HB,,,,,1,0
B:101:_:GLU,B:104:_:ARG,Undirected,482,,2,VDW:MC_SC,2.891,121.515,C,H,B:104:_:ARG,,,,1,1
B:101:_:GLU,B:105:_:LEU,Undirected,484,,1,HBOND:MC_MC,3.028,170.002,O,N,B:105:_:LEU,,,,1,0
B:102:_:ASN,B:106:_:LEU,Undirected,485,,1,HBOND:MC_MC,2.88,160.097,O,N,B:106:_:LEU,,,,1,0
B:102:_:ASN,B:147:_:HEM,Undirected,486,,2,VDW:MC_LIG,2.888,,C,HMCA,,,,,1,1
B:103:_:PHE,B:107:_:GLY,Undirected,488,,1,HBOND:MC_MC,3.022,155.912,O,N,B:107:_:GLY,,,,1,0
B:103:_:PHE,B:145:_:TYR,Undirected,489,,1,PIPISTACK:SC_SC,6.495,76.428,"6.802,-6.590,2.087","12.402,-9.359,0.311",,,,"T,Θ 10.46,γ 76.43,δ 32.86",1,0
B:103:_:PHE,B:147:_:HEM,Undirected,490,,1,PIPISTACK:SC_SC,5.535,84.178,"6.802,-6.590,2.087","3.773,-3.761,-1.582",,,,"T,Θ 12.44,γ 84.18,δ 58.40",1,0
B:104:_:ARG,B:108:_:ASN,Undirected,491,,2,VDW:MC_MC,3.075,160.261,O,N,B:108:_:ASN,,,,1,1
B:104:_:ARG,B:139:_:ASN,Undirected,493,,2,HBOND:SC_SC,3.176,133.55,NH2,OD1,B:104:_:ARG,,,,1,1
B:105:_:LEU,B:109:_:VAL,Undirected,495,,2,VDW:MC_MC,3.088,165.551,O,N,B:109:_:VAL,,,,1,1
B:106:_:LEU,B:110:_:LEU,Undirected,497,,1,HBOND:MC_MC,2.8,160.041,O,N,B:110:_:LEU,,,,1,0
B:107:_:GLY,B:111:_:VAL,Undirected,498,,1,HBOND:MC_MC,2.978,152.738,O,N,B:111:_:VAL,,,,1,0
B:107:_:GLY,B:134:_:VAL,Undirected,499,,1,VDW:MC_SC,2.896,,CA,HB,,,,,1,0
B:108:_:ASN,B:112:_:CYS,Undirected,500,,1,HBOND:MC_MC,3.004,163.39,O,N,B:112:_:CYS,,,,1,0
B:109:_:VAL,B:112:_:CYS,Undirected,501,,1,VDW:MC_SC,2.705,,O,H,,,,,1,0
B:109:_:VAL,B:113:_:VAL,Undirected,502,,1,HBOND:MC_MC,2.813,155.542,O,N,B:113:_:VAL,,,,1,0
B:110:_:LEU,B:114:_:LEU,Undirected,503,,1,HBOND:MC_MC,2.99,166.707,O,N,B:114:_:LEU,,,,1,0
B:111:_:VAL,B:115:_:ALA,Undirected,504,,1,HBOND:MC_MC,2.873,163.611,O,N,B:115:_:ALA,,,,1,0
B:112:_:CYS,B:116:_:HIS,Undirected,505,,1,HBOND:MC_MC,2.861,159.635,O,N,B:116:_:HIS,,,,1,0
B:113:_:VAL,B:117:_:HIS,Undirected,506,,2,VDW:MC_SC,3.21,163.778,O,CB,B:117:_:HIS,,,,1,1
B:114:_:LEU,B:118:_:PHE,Undirected,508,,1,HBOND:MC_MC,2.877,159.215,O,N,B:118:_:PHE,,,,1,0
B:115:_:ALA,B:119:_:GLY,Undirected,509,,1,HBOND:MC_MC,2.911,141.756,O,N,B:119:_:GLY,,,,1,0
B:115:_:ALA,B:122:_:PHE,Undirected,510,,1,VDW:SC_SC,2.882,,HB1,CD2,,,,,1,0
B:119:_:GLY,B:122:_:PHE,Undirected,511,,1,HBOND:MC_MC,2.897,155.027,O,N,B:122:_:PHE,,,,1,0
B:122:_:PHE,B:130:_:TYR,Undirected,512,,1,PIPISTACK:SC_SC,6.112,47.373,"-7.350,-0.587,15.793","-6.523,-6.235,13.609",,,,"I,Θ 5.37,γ 47.37,δ 50.47",1,0
B:123:_:THR,B:126:_:VAL,Undirected,513,,1,HBOND:SC_MC,3.26,160.451,OG1,N,B:126:_:VAL,,,,1,0
B:123:_:THR,B:127:_:GLN,Undirected,514,,1,HBOND:MC_MC,2.77,169.078,O,N,B:127:_:GLN,,,,1,0
B:124:_:PRO,B:128:_:ALA,Undirected,515,,1,HBOND:MC_MC,2.924,160.748,O,N,B:128:_:ALA,,,,1,0
B:125:_:PRO,B:129:_:ALA,Undirected,516,,2,VDW:MC_MC,3.087,156.198,O,N,B:129:_:ALA,,,,1,1
B:126:_:VAL,B:130:_:TYR,Undirected,518,,1,HBOND:MC_MC,3.005,166.501,O,N,B:130:_:TYR,,,,1,0
B:127:_:GLN,B:131:_:GLN,Undirected,519,,4,VDW:MC_SC,3.219,168.617,O,CG,B:127:_:GLN,,,,1,3
B:128:_:ALA,B:131:_:GLN,Undirected,523,,1,VDW:MC_SC,2.712,,O,H,,,,,1,0
B:128:_:ALA,B:132:_:LYS,Undirected,524,,1,HBOND:MC_MC,3.175,160.403,O,N,B:132:_:LYS,,,,1,0
B:129:_:ALA,B:132:_:LYS,Undirected,525,,1,VDW:MC_SC,2.719,,O,H,,,,,1,0
B:129:_:ALA,B:133:_:VAL,Undirected,526,,1,HBOND:MC_MC,3.158,160.857,O,N,B:133:_:VAL,,,,1,0
B:130:_:TYR,B:133:_:VAL,Undirected,527,,1,VDW:MC_SC,2.697,,O,HB,,,,,1,0
B:130:_:TYR,B:134:_:VAL,Undirected,528,,1,HBOND:MC_MC,2.828,167.442,O,N,B:134:_:VAL,,,,1,0
B:131:_:GLN,B:135:_:ALA,Undirected,529,,1,HBOND:MC_MC,2.965,161.993,O,N,B:135:_:ALA,,,,1,0
B:132:_:LYS,B:136:_:GLY,Undirected,530,,1,HBOND:MC_MC,2.859,152.709,O,N,B:136:_:GLY,,,,1,0
B:133:_:VAL,B:136:_:GLY,Undirected,531,,1,VDW:MC_SC,2.712,,O,H,,,,,1,0
B:133:_:VAL,B:137:_:VAL,Undirected,532,,1,HBOND:MC_MC,2.83,167.527,O,N,B:137:_:VAL,,,,1,0
B:134:_:VAL,B:138:_:ALA,Undirected,533,,1,HBOND:MC_MC,2.928,163.42,O,N,B:138:_:ALA,,,,1,0
B:135:_:ALA,B:139:_:ASN,Undirected,534,,2,VDW:MC_SC,3.044,160.418,O,ND2,B:139:_:ASN,,,,1,1
B:136:_:GLY,B:140:_:ALA,Undirected,536,,1,HBOND:MC_MC,2.878,149.285,O,N,B:140:_:ALA,,,,1,0
B:137:_:VAL,B:141:_:LEU,Undirected,537,,1,HBOND:MC_MC,2.936,166.84,O,N,B:141:_:LEU,,,,1,0
B:138:_:ALA,B:142:_:ALA,Undirected,538,,1,HBOND:MC_MC,2.97,132.621,O,N,B:142:_:ALA,,,,1,0
B:140:_:ALA,B:143:_:HIS,Undirected,539,,1,HBOND:MC_MC,3.217,149.249,O,N,B:143:_:HIS,,,,1,0
B:141:_:LEU,B:147:_:HEM,Undirected,540,,2,VDW:SC_LIG,3.414,,CD1,CAB,,,,,1,1
B:142:_:ALA,B:145:_:TYR,Undirected,542,,1,HBOND:MC_MC,3.16,163.199,O,N,B:145:_:TYR,,,,1,0
B:146:_:HIS,C:40:_:LYS,Undirected,543,,1,HBOND:MC_SC,2.701,149.326,OXT,NZ,C:40:_:LYS,,,,1,0
C:1:_:VAL,C:127:_:LYS,Undirected,544,,2,VDW:MC_SC,3.241,141.134,O,CE,C:127:_:LYS,,,,1,1
C:2:_:LEU,C:76:_:MET,Undirected,546,,2,VDW:SC_SC,2.422,,HD12,HE2,,,,,1,1
C:3:_:SER,C:6:_:ASP,Undirected,548,,5,VDW:MC_MC,3.065,155.972,O,N,C:6:_:ASP,,,,1,4
C:3:_:SER,C:7:_:LYS,Undirected,553,,1,HBOND:MC_MC,2.976,158.109,O,N,C:7:_:LYS,,,,1,0
C:4:_:PRO,C:7:_:LYS,Undirected,554,,1,VDW:MC_SC,2.747,,O,HB2,,,,,1,0
C:4:_:PRO,C:8:_:THR,Undirected,555,,1,HBOND:MC_MC,2.934,165.652,O,N,C:8:_:THR,,,,1,0
C:5:_:ALA,C:9:_:ASN,Undirected,556,,2,VDW:MC_SC,3.19,161.88,O,CG,C:9:_:ASN,,,,1,1
C:6:_:ASP,C:10:_:VAL,Undirected,558,,1,HBOND:MC_MC,2.899,165.792,O,N,C:10:_:VAL,,,,1,0
C:6:_:ASP,C:124:_:SER,Undirected,559,,1,VDW:SC_SC,2.711,,OD1,HA,,,,,1,0
C:6:_:ASP,C:127:_:LYS,Undirected,560,,2,HBOND:SC_SC,2.709,150.283,OD2,NZ,C:127:_:LYS,C:127:_:LYS,,,1,1
C:7:_:LYS,C:11:_:LYS,Undirected,562,,1,HBOND:MC_MC,2.935,166.594,O,N,C:11:_:LYS,,,,1,0
C:7:_:LYS,C:73:_:VAL,Undirected,563,,2,VDW:SC_SC,2.9,,CD,HG13,,,,,1,1
C:7:_:LYS,C:74:_:ASP,Undirected,565,,2,HBOND:SC_SC,2.977,161.028,NZ,OD1,C:7:_:LYS,C:7:_:LYS,,,1,1
C:8:_:THR,C:12:_:ALA,Undirected,567,,1,HBOND:MC_MC,3.113,156.146,O,N,C:12:_:ALA,,,,1,0
C:9:_:ASN,C:13:_:ALA,Undirected,568,,2,VDW:MC_MC,3.047,167.455,O,N,C:13:_:ALA,,,,1,1
C:9:_:ASN,C:124:_:SER,Undirected,570,,1,HBOND:SC_SC,3.01,166.626,ND2,OG,C:9:_:ASN,,,,1,0
C:10:_:VAL,C:14:_:TRP,Undirected,571,,2,VDW:MC_SC,3.251,159.987,O,CB,C:14:_:TRP,,,,1,1
C:10:_:VAL,C:70:_:VAL,Undirected,573,,1,VDW:SC_SC,2.883,,CG1,HG21,,,,,1,0
C:11:_:LYS,C:15:_:GLY,Undirected,574,,1,HBOND:MC_MC,2.935,137.554,O,N,C:15:_:GLY,,,,1,0
C:12:_:ALA,C:16:_:LYS,Undirected,575,,1,HBOND:MC_MC,3.265,140.863,O,N,C:16:_:LYS,,,,1,0
C:13:_:ALA,C:17:_:VAL,Undirected,576,,1,VDW:MC_SC,2.745,,O,H,,,,,1,0
C:14:_:TRP,C:17:_:VAL,Undirected,577,,2,VDW:MC_SC,3.216,133.577,O,CB,C:17:_:VAL,,,,1,1
C:14:_:TRP,C:18:_:GLY,Undirected,579,,1,HBOND:MC_MC,3.457,160.237,O,N,C:18:_:GLY,,,,1,0
C:14:_:TRP,C:67:_:THR,Undirected,580,,3,VDW:SC_SC,2.888,168.823,CD1,HG1,C:14:_:TRP,,,,1,2
C:14:_:TRP,C:70:_:VAL,Undirected,583,,1,VDW:SC_SC,2.927,,CG,HG23,,,,,1,0
C:15:_:GLY,C:18:_:GLY,Undirected,584,,1,VDW:MC_SC,2.712,,O,H,,,,,1,0
C:16:_:LYS,C:113:_:LEU,Undirected,585,,1,VDW:SC_SC,2.407,,HB3,HD21,,,,,1,0
C:17:_:VAL,C:20:_:HIS,Undirected,586,,1,HBOND:MC_MC,2.921,156.412,O,N,C:20:_:HIS,,,,1,0
C:17:_:VAL,C:21:_:ALA,Undirected,587,,1,VDW:SC_SC,2.882,,CG1,HA,,,,,1,0
C:17:_:VAL,C:24:_:TYR,Undirected,588,,2,VDW:SC_SC,2.924,,HG13,CD2,,,,,1,1
C:18:_:GLY,C:21:_:ALA,Undirected,590,,1,HBOND:MC_MC,3.371,169.634,O,N,C:21:_:ALA,,,,1,0
C:20:_:HIS,C:23:_:GLU,Undirected,591,,2,VDW:SC_SC,3.049,169.926,ND1,OE1,C:20:_:HIS,,,,1,1
C:20:_:HIS,C:24:_:TYR,Undirected,593,,5,VDW:SC_SC,2.92,151.852,HB3,CD1,C:24:_:TYR,,,"P,Θ 43.97,γ 12.15,δ 39.08",1,4
C:21:_:ALA,C:25:_:GLY,Undirected,598,,1,HBOND:MC_MC,2.778,162.557,O,N,C:25:_:GLY,,,,1,0
C:22:_:GLY,C:26:_:ALA,Undirected,599,,2,VDW:MC_MC,3.041,168.027,O,N,C:26:_:ALA,,,,1,1
C:23:_:GLU,C:27:_:GLU,Undirected,601,,1,HBOND:MC_MC,3.031,156.395,O,N,C:27:_:GLU,,,,1,0
C:24:_:TYR,C:28:_:ALA,Undirected,602,,1,HBOND:MC_MC,2.931,155.495,O,N,C:28:_:ALA,,,,1,0
C:24:_:TYR,C:112:_:HIS,Undirected,603,,2,VDW:SC_SC,3.371,23.675,CZ,CG,,,,"P,Θ 52.88,γ 23.68,δ 71.17",1,1
C:25:_:GLY,C:29:_:LEU,Undirected,605,,2,VDW:MC_MC,3.078,156.561,O,N,C:29:_:LEU,,,,1,1
C:26:_:ALA,C:29:_:LEU,Undirected,607,,1,VDW:MC_SC,2.741,,O,H,,,,,1,0
C:26:_:ALA,C:30:_:GLU,Undirected,608,,2,VDW:MC_MC,3.054,169.221,O,N,C:30:_:GLU,,,,1,1
C:27:_:GLU,C:31:_:ARG,Undirected,610,,2,HBOND:SC_SC,2.942,150.48,OE2,NH2,C:31:_:ARG,,,,1,1
C:27:_:GLU,C:108:_:THR,Undirected,612,,1,VDW:SC_SC,2.923,,CD,HG23,,,,,1,0
C:27:_:GLU,C:112:_:HIS,Undirected,613,,1,HBOND:SC_SC,2.619,168.901,OE1,NE2,C:112:_:HIS,,,,1,0
C:28:_:ALA,C:32:_:MET,Undirected,614,,1,HBOND:MC_MC,2.864,157.361,O,N,C:32:_:MET,,,,1,0
C:29:_:LEU,C:32:_:MET,Undirected,615,,1,VDW:MC_SC,2.908,,C,H,,,,,1,0
C:29:_:LEU,C:33:_:PHE,Undirected,616,,2,VDW:MC_SC,3.188,170.053,O,CD2,C:33:_:PHE,,,,1,1
C:30:_:GLU,C:34:_:LEU,Undirected,618,,1,HBOND:MC_MC,2.986,159.612,O,N,C:34:_:LEU,,,,1,0
C:30:_:GLU,C:50:_:HIS,Undirected,619,,4,VDW:SC_SC,3.274,137.821,CD,ND1,C:50:_:HIS,C:50:_:HIS,,,1,3
C:31:_:ARG,C:35:_:SER,Undirected,623,,2,VDW:MC_SC,3.24,158.241,O,CB,C:35:_:SER,,,,1,1
C:31:_:ARG,C:108:_:THR,Undirected,625,,1,VDW:SC_SC,2.762,,NE,HG1,,,,,1,0
C:31:_:ARG,D:122:_:PHE,Undirected,626,,2,HBOND:SC_MC,3.121,134.973,NH1,O,C:31:_:ARG,,,,1,1
C:31:_:ARG,D:127:_:GLN,Undirected,628,,2,VDW:SC_SC,2.708,163.654,HB2,OE1,C:31:_:ARG,,,,1,1
C:32:_:MET,C:36:_:PHE,Undirected,630,,3,VDW:MC_SC,2.721,145.919,O,HB2,C:36:_:PHE,,,,1,2
C:32:_:MET,C:39:_:THR,Undirected,633,,1,VDW:SC_SC,2.384,,HE3,HB,,,,,1,0
C:33:_:PHE,C:43:_:PHE,Undirected,634,,2,VDW:SC_SC,2.89,69.319,HE1,CE1,,,,"T,Θ 13.23,γ 69.32,δ 62.68",1,1
C:35:_:SER,D:127:_:GLN,Undirected,636,,1,VDW:SC_SC,2.418,,HG,HE22,,,,,1,0
C:36:_:PHE,C:39:_:THR,Undirected,637,,1,HBOND:MC_SC,2.783,167.091,O,OG1,C:39:_:THR,,,,1,0
C:36:_:PHE,C:100:_:LEU,Undirected,638,,1,VDW:SC_SC,2.415,,HB3,HD13,,,,,1,0
C:36:_:PHE,C:103:_:HIS,Undirected,639,,2,VDW:SC_SC,2.396,71.219,HE2,HD2,,,,"T,Θ 7.53,γ 71.22,δ 18.93",1,1
C:37:_:PRO,C:40:_:LYS,Undirected,641,,2,VDW:MC_SC,2.717,150.337,O,HB2,C:40:_:LYS,,,,1,1
C:38:_:THR,C:41:_:THR,Undirected,643,,1,HBOND:MC_SC,2.818,159.441,O,OG1,C:41:_:THR,,,,1,0
C:39:_:THR,C:42:_:TYR,Undirected,644,,1,HBOND:MC_MC,3.264,164.485,O,N,C:42:_:TYR,,,,1,0
C:39:_:THR,C:43:_:PHE,Undirected,645,,1,VDW:MC_SC,2.736,,O,HD1,,,,,1,0
C:40:_:LYS,C:43:_:PHE,Undirected,646,,1,HBOND:MC_MC,2.969,159.151,O,N,C:43:_:PHE,,,,1,0
C:42:_:TYR,C:93:_:VAL,Undirected,647,,1,VDW:SC_SC,2.896,,CD1,HG21,,,,,1,0
C:42:_:TYR,C:94:_:ASP,Undirected,648,,1,HBOND:SC_MC,2.983,164.635,OH,N,C:94:_:ASP,,,,1,0
C:43:_:PHE,C:46:_:PHE,Undirected,649,,4,VDW:SC_SC,2.904,163.483,HD2,CD2,C:46:_:PHE,,,"T,Θ 10.52,γ 56.51,δ 66.17",1,3
C:43:_:PHE,C:48:_:LEU,Undirected,653,,1,VDW:SC_SC,2.377,,HB3,HD23,,,,,1,0
C:43:_:PHE,C:58:_:HIS,Undirected,654,,1,PIPISTACK:SC_SC,5.381,55.873,"22.512,0.052,-4.967","26.073,4.024,-5.673",,,,"T,Θ 12.11,γ 55.87,δ 48.02",1,0
C:43:_:PHE,C:142:_:HEM,Undirected,655,,1,PIPISTACK:SC_SC,6.221,19.895,"22.512,0.052,-4.967","21.547,4.692,-0.938",,,,"P,Θ 33.49,γ 19.89,δ 16.08",1,0
C:45:_:HIS,C:54:_:GLN,Undirected,656,,1,HBOND:MC_SC,3.314,139.328,O,NE2,C:54:_:GLN,,,,1,0
C:45:_:HIS,C:142:_:HEM,Undirected,657,,2,VDW:SC_LIG,2.397,156.54,HE2,H2D,C:45:_:HIS,,,,1,1
C:46:_:PHE,C:54:_:GLN,Undirected,659,,2,VDW:SC_SC,2.909,,CD2,HB3,,,,,1,1
C:46:_:PHE,C:58:_:HIS,Undirected,661,,1,PIPISTACK:SC_SC,5.854,80.091,"24.927,-0.253,-9.502","26.073,4.024,-5.673",,,,"T,Θ 20.32,γ 80.09,δ 55.00",1,0
C:47:_:ASP,C:52:_:SER,Undirected,662,,1,HBOND:MC_SC,2.813,159.996,O,OG,C:52:_:SER,,,,1,0
C:47:_:ASP,C:54:_:GLN,Undirected,663,,1,HBOND:MC_SC,2.744,167.472,N,OE1,C:47:_:ASP,,,,1,0
C:49:_:SER,C:52:_:SER,Undirected,664,,2,VDW:MC_MC,3.076,154.05,O,N,C:52:_:SER,,,,1,1
C:51:_:GLY,C:56:_:LYS,Undirected,666,,1,VDW:MC_SC,3.203,,O,CD,,,,,1,0
C:52:_:SER,C:55:_:VAL,Undirected,667,,2,VDW:SC_MC,3.079,162.608,OG,N,C:55:_:VAL,,,,1,1
C:52:_:SER,C:56:_:LYS,Undirected,669,,1,HBOND:MC_MC,3.037,169.918,O,N,C:56:_:LYS,,,,1,0
C:53:_:ALA,C:57:_:GLY,Undirected,670,,1,HBOND:MC_MC,2.834,151.639,O,N,C:57:_:GLY,,,,1,0
C:54:_:GLN,C:58:_:HIS,Undirected,671,,1,HBOND:MC_MC,2.901,160.347,O,N,C:58:_:HIS,,,,1,0
C:55:_:VAL,C:59:_:GLY,Undirected,672,,2,VDW:MC_SC,2.901,155.437,C,H,C:59:_:GLY,,,,1,1
C:56:_:LYS,C:60:_:LYS,Undirected,674,,1,HBOND:MC_MC,3.037,158.621,O,N,C:60:_:LYS,,,,1,0
C:57:_:GLY,C:60:_:LYS,Undirected,675,,1,VDW:MC_SC,2.695,,O,HB3,,,,,1,0
C:57:_:GLY,C:61:_:LYS,Undirected,676,,1,HBOND:MC_MC,3.032,153.17,O,N,C:61:_:LYS,,,,1,0
C:58:_:HIS,C:61:_:LYS,Undirected,677,,2,VDW:MC_SC,2.912,,C,H,,,,,1,1
C:58:_:HIS,C:62:_:VAL,Undirected,679,,1,HBOND:MC_MC,2.965,168.385,O,N,C:62:_:VAL,,,,1,0
C:58:_:HIS,C:142:_:HEM,Undirected,680,,3,VDW:SC_LIG,3.394,82.591,CE1,C1A,,,,"T,Θ 17.43,γ 82.59,δ 64.20",1,2
C:59:_:GLY,C:63:_:ALA,Undirected,683,,1,HBOND:MC_MC,2.895,168.039,O,N,C:63:_:ALA,,,,1,0
C:60:_:LYS,C:64:_:ASP,Undirected,684,,2,VDW:SC_SC,2.89,157.876,CG,HD2,C:64:_:ASP,,,,1,1
C:61:_:LYS,C:65:_:ALA,Undirected,686,,1,HBOND:MC_MC,2.966,150.439,O,N,C:65:_:ALA,,,,1,0
C:61:_:LYS,C:142:_:HEM,Undirected,687,,2,VDW:SC_LIG,2.891,128.814,CD,HAA,C:61:_:LYS,,,,1,1
C:62:_:VAL,C:65:_:ALA,Undirected,689,,1,VDW:MC_SC,2.716,,O,H,,,,,1,0
C:62:_:VAL,C:66:_:LEU,Undirected,690,,2,VDW:MC_MC,3.068,155.279,O,N,C:66:_:LEU,,,,1,1
C:63:_:ALA,C:67:_:THR,Undirected,692,,1,HBOND:MC_MC,2.934,155.675,O,N,C:67:_:THR,,,,1,0
C:64:_:ASP,C:68:_:ASN,Undirected,693,,1,HBOND:MC_MC,2.993,162.736,O,N,C:68:_:ASN,,,,1,0
C:65:_:ALA,C:69:_:ALA,Undirected,694,,1,HBOND:MC_MC,2.855,162.667,O,N,C:69:_:ALA,,,,1,0
C:66:_:LEU,C:69:_:ALA,Undirected,695,,1,VDW:MC_SC,2.737,,O,H,,,,,1,0
C:66:_:LEU,C:70:_:VAL,Undirected,696,,1,HBOND:MC_MC,2.756,160.961,O,N,C:70:_:VAL,,,,1,0
C:66:_:LEU,C:105:_:LEU,Undirected,697,,1,VDW:SC_SC,2.422,,HD11,HD13,,,,,1,0
C:67:_:THR,C:71:_:ALA,Undirected,698,,1,HBOND:MC_MC,2.948,161.76,O,N,C:71:_:ALA,,,,1,0
C:68:_:ASN,C:72:_:HIS,Undirected,699,,2,HBOND:SC_SC,2.846,110.11,OD1,ND1,C:72:_:HIS,,,,1,1
C:68:_:ASN,C:79:_:ALA,Undirected,701,,1,HBOND:SC_MC,3.186,138.691,ND2,O,C:68:_:ASN,,,,1,0
C:69:_:ALA,C:72:_:HIS,Undirected,702,,2,VDW:MC_MC,3.218,132.359,O,C,C:72:_:HIS,,,,1,1
C:69:_:ALA,C:73:_:VAL,Undirected,704,,1,VDW:MC_SC,2.72,,O,HA,,,,,1,0
C:70:_:VAL,C:73:_:VAL,Undirected,705,,1,HBOND:MC_MC,3.293,143.234,O,N,C:73:_:VAL,,,,1,0
C:70:_:VAL,C:128:_:PHE,Undirected,706,,1,VDW:SC_SC,2.41,,HG22,HZ,,,,,1,0
C:72:_:HIS,C:75:_:ASP,Undirected,707,,2,VDW:MC_SC,2.894,156.17,C,H,C:75:_:ASP,,,,1,1
C:75:_:ASP,C:78:_:ASN,Undirected,709,,3,VDW:SC_SC,2.411,159.366,HD2,HB2,C:78:_:ASN,,,,1,2
C:75:_:ASP,C:79:_:ALA,Undirected,712,,1,HBOND:MC_MC,3.111,163.156,O,N,C:79:_:ALA,,,,1,0
C:76:_:MET,C:79:_:ALA,Undirected,713,,1,VDW:MC_SC,2.699,,O,H,,,,,1,0
C:76:_:MET,C:80:_:LEU,Undirected,714,,1,HBOND:MC_MC,2.838,155.075,O,N,C:80:_:LEU,,,,1,0
C:76:_:MET,C:128:_:PHE,Undirected,715,,1,VDW:SC_SC,2.986,,SD,HE1,,,,,1,0
C:78:_:ASN,C:81:_:SER,Undirected,716,,1,HBOND:MC_MC,3.31,158.196,O,N,C:81:_:SER,,,,1,0
C:80:_:LEU,C:83:_:LEU,Undirected,717,,1,VDW:MC_MC,3.075,,O,N,,,,,1,0
C:80:_:LEU,C:84:_:SER,Undirected,718,,1,HBOND:MC_MC,2.779,151.787,O,N,C:84:_:SER,,,,1,0
C:81:_:SER,C:84:_:SER,Undirected,719,,2,VDW:SC_SC,2.719,,HA,OG,,,,,1,1
C:81:_:SER,C:85:_:ASP,Undirected,721,,1,HBOND:MC_MC,3,158.604,O,N,C:85:_:ASP,,,,1,0
C:81:_:SER,C:139:_:LYS,Undirected,722,,2,HBOND:SC_SC,3.307,144.25,OG,NZ,C:139:_:LYS,,,,1,1
C:82:_:ALA,C:86:_:LEU,Undirected,724,,1,HBOND:MC_MC,2.958,152.493,O,N,C:86:_:LEU,,,,1,0
C:83:_:LEU,C:86:_:LEU,Undirected,725,,1,VDW:SC_SC,2.386,,HD12,HD22,,,,,1,0
C:83:_:LEU,C:87:_:HIS,Undirected,726,,1,HBOND:MC_SC,2.78,166.066,O,ND1,C:87:_:HIS,,,,1,0
C:83:_:LEU,C:142:_:HEM,Undirected,727,,1,VDW:SC_LIG,2.907,,CD2,HMA,,,,,1,0
C:84:_:SER,C:88:_:ALA,Undirected,728,,1,HBOND:MC_MC,2.993,163.763,O,N,C:88:_:ALA,,,,1,0
C:84:_:SER,C:139:_:LYS,Undirected,729,,1,VDW:SC_SC,3.231,,OG,CE,,,,,1,0
C:85:_:ASP,C:89:_:HIS,Undirected,730,,1,HBOND:MC_MC,2.881,156.83,O,N,C:89:_:HIS,,,,1,0
C:85:_:ASP,C:139:_:LYS,Undirected,731,,3,VDW:SC_SC,2.742,113.672,OD1,HD3,C:139:_:LYS,C:139:_:LYS,,,1,2
C:86:_:LEU,C:90:_:LYS,Undirected,734,,1,HBOND:MC_MC,3.034,146.681,O,N,C:90:_:LYS,,,,1,0
C:86:_:LEU,C:91:_:LEU,Undirected,735,,1,HBOND:MC_MC,2.951,160.679,O,N,C:91:_:LEU,,,,1,0
C:87:_:HIS,C:91:_:LEU,Undirected,736,,1,VDW:SC_SC,2.883,,CD2,HD12,,,,,1,0
C:87:_:HIS,C:92:_:ARG,Undirected,737,,2,VDW:MC_SC,2.892,138.138,C,H,C:92:_:ARG,,,,1,1
C:87:_:HIS,C:98:_:PHE,Undirected,739,,1,PIPISTACK:SC_SC,5.888,62.867,"20.348,9.616,-2.742","19.468,7.624,2.728",,,,"T,Θ 10.22,γ 62.87,δ 45.68",1,0
C:87:_:HIS,C:140:_:TYR,Undirected,740,,1,VDW:SC_SC,2.729,,HB3,OH,,,,,1,0
C:87:_:HIS,C:142:_:HEM,Undirected,741,,2,VDW:SC_LIG,2.75,89.286,HE2,ND,,,,"T,Θ 48.12,γ 89.29,δ 10.11",1,1
C:88:_:ALA,C:92:_:ARG,Undirected,743,,1,VDW:MC_SC,3.237,,O,CG,,,,,1,0
C:88:_:ALA,C:140:_:TYR,Undirected,744,,1,VDW:SC_SC,2.404,,HB3,HA,,,,,1,0
C:93:_:VAL,C:140:_:TYR,Undirected,745,,1,HBOND:MC_SC,2.697,91.112,O,OH,C:140:_:TYR,,,,1,0
C:94:_:ASP,C:97:_:ASN,Undirected,746,,2,VDW:SC_SC,2.749,157.758,HB3,ND2,C:97:_:ASN,,,,1,1
C:95:_:PRO,C:98:_:PHE,Undirected,748,,2,VDW:SC_SC,2.918,153.981,HA,CD1,C:98:_:PHE,,,,1,1
C:97:_:ASN,C:101:_:LEU,Undirected,750,,2,VDW:MC_MC,3.072,167.49,O,N,C:101:_:LEU,,,,1,1
C:98:_:PHE,C:102:_:SER,Undirected,752,,1,HBOND:MC_MC,2.898,155.741,O,N,C:102:_:SER,,,,1,0
C:98:_:PHE,C:133:_:SER,Undirected,753,,1,VDW:SC_SC,2.378,,HB3,HG,,,,,1,0
C:98:_:PHE,C:142:_:HEM,Undirected,754,,1,PIPISTACK:SC_SC,5.134,38.434,"19.468,7.624,2.728","21.547,4.692,-0.938",,,,"I,Θ 42.91,γ 38.43,δ 68.15",1,0
C:99:_:LYS,C:103:_:HIS,Undirected,755,,1,HBOND:MC_MC,2.94,157.361,O,N,C:103:_:HIS,,,,1,0
C:100:_:LEU,C:104:_:CYS,Undirected,756,,1,HBOND:MC_MC,3.117,161.423,O,N,C:104:_:CYS,,,,1,0
C:101:_:LEU,C:104:_:CYS,Undirected,757,,1,VDW:MC_SC,2.695,,O,H,,,,,1,0
C:101:_:LEU,C:105:_:LEU,Undirected,758,,1,HBOND:MC_MC,2.812,151.27,O,N,C:105:_:LEU,,,,1,0
C:102:_:SER,C:106:_:LEU,Undirected,759,,1,HBOND:MC_MC,2.924,159.923,O,N,C:106:_:LEU,,,,1,0
C:102:_:SER,C:129:_:LEU,Undirected,760,,1,VDW:SC_SC,2.741,,OG,HB2,,,,,1,0
C:102:_:SER,C:133:_:SER,Undirected,761,,1,VDW:SC_SC,2.739,,HG,OG,,,,,1,0
C:103:_:HIS,C:107:_:VAL,Undirected,762,,1,HBOND:MC_MC,2.963,153.77,O,N,C:107:_:VAL,,,,1,0
C:103:_:HIS,D:131:_:GLN,Undirected,763,,1,HBOND:SC_SC,2.686,153.113,NE2,OE1,C:103:_:HIS,,,,1,0
C:104:_:CYS,C:108:_:THR,Undirected,764,,1,HBOND:MC_MC,2.989,152.597,O,N,C:108:_:THR,,,,1,0
C:105:_:LEU,C:108:_:THR,Undirected,765,,1,VDW:MC_SC,2.702,,O,H,,,,,1,0
C:105:_:LEU,C:109:_:LEU,Undirected,766,,1,HBOND:MC_MC,2.948,165.548,O,N,C:109:_:LEU,,,,1,0
C:106:_:LEU,C:110:_:ALA,Undirected,767,,1,HBOND:MC_MC,2.949,156.584,O,N,C:110:_:ALA,,,,1,0
C:106:_:LEU,C:126:_:ASP,Undirected,768,,1,VDW:SC_SC,2.722,,HD21,OD1,,,,,1,0
C:107:_:VAL,C:110:_:ALA,Undirected,769,,1,VDW:MC_SC,2.702,,O,HB2,,,,,1,0
C:107:_:VAL,C:111:_:ALA,Undirected,770,,1,HBOND:MC_MC,2.871,154.991,O,N,C:111:_:ALA,,,,1,0
C:107:_:VAL,D:111:_:VAL,Undirected,771,,1,VDW:SC_SC,2.922,,CG2,HG12,,,,,1,0
C:107:_:VAL,D:115:_:ALA,Undirected,772,,1,VDW:SC_SC,2.877,,HG13,CB,,,,,1,0
C:108:_:THR,C:111:_:ALA,Undirected,773,,1,VDW:MC_SC,2.728,,O,H,,,,,1,0
C:108:_:THR,C:112:_:HIS,Undirected,774,,2,VDW:MC_SC,3.222,125.229,O,CD2,C:112:_:HIS,,,,1,1
C:109:_:LEU,C:112:_:HIS,Undirected,776,,1,HBOND:MC_MC,3.114,138.301,O,N,C:112:_:HIS,,,,1,0
C:109:_:LEU,C:113:_:LEU,Undirected,777,,1,HBOND:MC_MC,2.756,135.103,O,N,C:113:_:LEU,,,,1,0
C:110:_:ALA,C:117:_:PHE,Undirected,778,,1,VDW:SC_SC,2.878,,HB1,CE2,,,,,1,0
C:113:_:LEU,C:117:_:PHE,Undirected,779,,2,VDW:MC_SC,2.699,144.677,O,HB2,C:117:_:PHE,,,,1,1
C:114:_:PRO,D:116:_:HIS,Undirected,781,,1,HBOND:MC_SC,2.809,162.588,O,NE2,D:116:_:HIS,,,,1,0
C:117:_:PHE,C:122:_:HIS,Undirected,782,,1,PIPISTACK:SC_SC,4.684,24.508,"36.112,3.693,14.423","32.360,3.862,17.222",,,,"P,Θ 33.12,γ 24.51,δ 55.60",1,0
C:117:_:PHE,D:30:_:ARG,Undirected,783,,1,HBOND:MC_SC,2.838,157.88,O,NH2,D:30:_:ARG,,,,1,0
C:117:_:PHE,D:116:_:HIS,Undirected,784,,1,PIPISTACK:SC_SC,5.578,50.737,"36.112,3.693,14.423","40.550,0.903,16.328",,,,"T,Θ 14.93,γ 50.74,δ 65.53",1,0
C:118:_:THR,C:121:_:VAL,Undirected,785,,2,VDW:SC_SC,2.387,155.543,HG1,HG22,C:121:_:VAL,,,,1,1
C:118:_:THR,C:122:_:HIS,Undirected,787,,1,HBOND:MC_MC,2.789,167.538,O,N,C:122:_:HIS,,,,1,0
C:119:_:PRO,C:123:_:ALA,Undirected,788,,1,HBOND:MC_MC,2.986,159.665,O,N,C:123:_:ALA,,,,1,0
C:120:_:ALA,C:124:_:SER,Undirected,789,,1,HBOND:MC_MC,3.007,162.94,O,N,C:124:_:SER,,,,1,0
C:121:_:VAL,C:125:_:LEU,Undirected,790,,2,VDW:MC_SC,2.722,165.466,O,HG,C:125:_:LEU,,,,1,1
C:122:_:HIS,C:126:_:ASP,Undirected,792,,1,HBOND:MC_MC,2.965,158.617,O,N,C:126:_:ASP,,,,1,0
C:122:_:HIS,D:30:_:ARG,Undirected,793,,4,VDW:SC_SC,3.08,158.702,ND1,NH1,D:30:_:ARG,,,,1,3
C:122:_:HIS,D:34:_:VAL,Undirected,797,,1,VDW:SC_SC,2.916,,CD2,HG23,,,,,1,0
C:123:_:ALA,C:126:_:ASP,Undirected,798,,1,VDW:MC_SC,2.73,,O,H,,,,,1,0
C:123:_:ALA,C:127:_:LYS,Undirected,799,,1,HBOND:MC_MC,2.944,160.821,O,N,C:127:_:LYS,,,,1,0
C:124:_:SER,C:128:_:PHE,Undirected,800,,1,HBOND:MC_MC,2.838,158.126,O,N,C:128:_:PHE,,,,1,0
C:125:_:LEU,C:129:_:LEU,Undirected,801,,1,HBOND:MC_MC,2.977,157.376,O,N,C:129:_:LEU,,,,1,0
C:126:_:ASP,C:130:_:ALA,Undirected,802,,2,VDW:MC_MC,3.054,151.784,O,N,C:130:_:ALA,,,,1,1
C:126:_:ASP,D:35:_:TYR,Undirected,804,,1,VDW:SC_SC,2.894,,HD2,CE1,,,,,1,0
C:127:_:LYS,C:130:_:ALA,Undirected,805,,1,VDW:MC_SC,2.717,,O,HB2,,,,,1,0
C:127:_:LYS,C:131:_:SER,Undirected,806,,1,HBOND:MC_MC,2.907,150.064,O,N,C:131:_:SER,,,,1,0
C:128:_:PHE,C:131:_:SER,Undirected,807,,1,VDW:MC_MC,3.049,,O,N,,,,,1,0
C:128:_:PHE,C:132:_:VAL,Undirected,808,,1,HBOND:MC_MC,2.798,159.699,O,N,C:132:_:VAL,,,,1,0
C:129:_:LEU,C:133:_:SER,Undirected,809,,1,HBOND:MC_MC,2.941,157.572,O,N,C:133:_:SER,,,,1,0
C:130:_:ALA,C:134:_:THR,Undirected,810,,2,VDW:MC_SC,3.067,153.202,O,OG1,C:134:_:THR,,,,1,1
C:131:_:SER,C:135:_:VAL,Undirected,812,,1,HBOND:MC_MC,3.005,171.626,O,N,C:135:_:VAL,,,,1,0
C:132:_:VAL,C:136:_:LEU,Undirected,813,,1,HBOND:MC_MC,2.846,162.976,O,N,C:136:_:LEU,,,,1,0
C:133:_:SER,C:137:_:THR,Undirected,814,,2,VDW:MC_SC,2.747,166.456,O,HG23,C:137:_:THR,,,,1,1
C:134:_:THR,C:137:_:THR,Undirected,816,,2,VDW:MC_SC,2.903,136.576,C,H,C:137:_:THR,,,,1,1
C:135:_:VAL,C:138:_:SER,Undirected,818,,1,HBOND:MC_MC,3.147,159.395,O,N,C:138:_:SER,,,,1,0
C:136:_:LEU,C:140:_:TYR,Undirected,819,,1,VDW:MC_SC,2.711,,O,HE1,,,,,1,0
C:136:_:LEU,C:142:_:HEM,Undirected,820,,1,VDW:SC_LIG,3.395,,CD1,C3B,,,,,1,0
C:137:_:THR,C:140:_:TYR,Undirected,821,,2,VDW:SC_SC,2.391,166.712,HA,HD1,C:140:_:TYR,,,,1,1
D:2:_:HIS,D:132:_:LYS,Undirected,823,,2,VDW:MC_SC,2.894,172.802,C,HZ2,D:132:_:LYS,,,,1,1
D:4:_:THR,D:7:_:GLU,Undirected,825,,4,VDW:MC_MC,3.057,154.625,O,N,D:7:_:GLU,,,,1,3
D:4:_:THR,D:8:_:LYS,Undirected,829,,1,HBOND:MC_MC,2.934,159.022,O,N,D:8:_:LYS,,,,1,0
D:5:_:PRO,D:9:_:SER,Undirected,830,,2,VDW:MC_MC,3.066,170.315,O,N,D:9:_:SER,,,,1,1
D:6:_:GLU,D:10:_:ALA,Undirected,832,,1,HBOND:MC_MC,2.875,154.805,O,N,D:10:_:ALA,,,,1,0
D:7:_:GLU,D:11:_:VAL,Undirected,833,,2,VDW:MC_SC,3.252,161.539,O,CG2,D:11:_:VAL,,,,1,1
D:7:_:GLU,D:132:_:LYS,Undirected,835,,2,HBOND:SC_SC,2.892,155.473,OE1,NZ,D:132:_:LYS,D:132:_:LYS,,,1,1
D:8:_:LYS,D:12:_:THR,Undirected,837,,1,HBOND:MC_MC,2.958,165.562,O,N,D:12:_:THR,,,,1,0
D:8:_:LYS,D:78:_:LEU,Undirected,838,,2,VDW:SC_SC,3.242,,NZ,CB,,,,,1,1
D:8:_:LYS,D:79:_:ASP,Undirected,840,,1,IONIC:SC_SC,3.657,114.085,NZ,"22.674,-24.666,15.573",,D:8:_:LYS,,,1,0
D:9:_:SER,D:13:_:ALA,Undirected,841,,2,VDW:MC_SC,3.232,157.634,O,CB,D:13:_:ALA,,,,1,1
D:10:_:ALA,D:14:_:LEU,Undirected,843,,1,HBOND:MC_MC,3.11,169.226,O,N,D:14:_:LEU,,,,1,0
D:10:_:ALA,D:126:_:VAL,Undirected,844,,1,VDW:SC_SC,2.424,,HB3,HG21,,,,,1,0
D:11:_:VAL,D:15:_:TRP,Undirected,845,,2,VDW:MC_SC,2.707,154.204,O,HB2,D:15:_:TRP,,,,1,1
D:11:_:VAL,D:130:_:TYR,Undirected,847,,1,VDW:SC_SC,2.409,,HA,HE1,,,,,1,0
D:12:_:THR,D:16:_:GLY,Undirected,848,,1,HBOND:MC_MC,3.117,142.91,O,N,D:16:_:GLY,,,,1,0
D:14:_:LEU,D:17:_:LYS,Undirected,849,,1,HBOND:MC_MC,3.034,154.066,O,N,D:17:_:LYS,,,,1,0
D:14:_:LEU,D:18:_:VAL,Undirected,850,,1,VDW:MC_SC,2.725,,O,HG22,,,,,1,0
D:14:_:LEU,D:118:_:PHE,Undirected,851,,1,VDW:SC_SC,2.914,,HG,CE2,,,,,1,0
D:15:_:TRP,D:18:_:VAL,Undirected,852,,1,HBOND:MC_MC,3.014,160.035,O,N,D:18:_:VAL,,,,1,0
D:15:_:TRP,D:71:_:PHE,Undirected,853,,1,PIPISTACK:SC_SC,5.535,48.585,"33.866,-12.675,20.917","28.500,-11.532,21.655",,,,"I,Θ 54.94,γ 48.58,δ 9.17",1,0
D:15:_:TRP,D:72:_:SER,Undirected,854,,1,HBOND:SC_SC,2.876,154.832,NE1,OG,D:15:_:TRP,,,,1,0
D:15:_:TRP,D:75:_:LEU,Undirected,855,,1,VDW:SC_SC,2.913,,CD1,HD12,,,,,1,0
D:15:_:TRP,D:130:_:TYR,Undirected,856,,1,PIPISTACK:SC_SC,6.345,30.973,"33.866,-12.675,20.917","32.077,-12.181,14.850",,,,"I,Θ 20.97,γ 30.97,δ 11.38",1,0
D:17:_:LYS,D:121:_:GLU,Undirected,857,,2,HBOND:SC_SC,2.548,170.719,NZ,OE2,D:17:_:LYS,D:17:_:LYS,,,1,1
D:19:_:ASN,D:22:_:GLU,Undirected,859,,3,VDW:SC_SC,2.929,170.782,CG,H,D:22:_:GLU,,,,1,2
D:19:_:ASN,D:23:_:VAL,Undirected,862,,1,HBOND:MC_MC,2.944,172.742,O,N,D:23:_:VAL,,,,1,0
D:20:_:VAL,D:24:_:GLY,Undirected,863,,1,HBOND:MC_MC,2.845,150.162,O,N,D:24:_:GLY,,,,1,0
D:20:_:VAL,D:68:_:LEU,Undirected,864,,1,VDW:MC_SC,2.716,,O,HD22,,,,,1,0
D:20:_:VAL,D:69:_:GLY,Undirected,865,,1,VDW:SC_SC,2.415,,HG11,HA2,,,,,1,0
D:21:_:ASP,D:25:_:GLY,Undirected,866,,1,HBOND:MC_MC,2.996,166.99,O,N,D:25:_:GLY,,,,1,0
D:21:_:ASP,D:65:_:LYS,Undirected,867,,1,VDW:SC_SC,2.417,,HA,HG2,,,,,1,0
D:22:_:GLU,D:26:_:GLU,Undirected,868,,2,VDW:MC_MC,3.059,155.956,O,N,D:26:_:GLU,,,,1,1
D:23:_:VAL,D:27:_:ALA,Undirected,870,,1,HBOND:MC_MC,2.811,157.361,O,N,D:27:_:ALA,,,,1,0
D:23:_:VAL,D:68:_:LEU,Undirected,871,,1,VDW:SC_SC,2.402,,HG12,HD21,,,,,1,0
D:24:_:GLY,D:28:_:LEU,Undirected,872,,1,HBOND:MC_MC,2.91,167.409,O,N,D:28:_:LEU,,,,1,0
D:24:_:GLY,D:64:_:GLY,Undirected,873,,1,VDW:MC_SC,2.719,,O,HA3,,,,,1,0
D:24:_:GLY,D:68:_:LEU,Undirected,874,,1,VDW:SC_SC,2.378,,HA2,HD21,,,,,1,0
D:25:_:GLY,D:29:_:GLY,Undirected,875,,1,HBOND:MC_MC,2.963,158.647,O,N,D:29:_:GLY,,,,1,0
D:26:_:GLU,D:30:_:ARG,Undirected,876,,3,VDW:SC_SC,3.093,163.567,OE2,NH2,D:30:_:ARG,,,,1,2
D:27:_:ALA,D:31:_:LEU,Undirected,879,,1,HBOND:MC_MC,2.891,147.706,O,N,D:31:_:LEU,,,,1,0
D:28:_:LEU,D:32:_:LEU,Undirected,880,,2,VDW:MC_MC,3.093,164.384,O,N,D:32:_:LEU,,,,1,1
D:28:_:LEU,D:63:_:HIS,Undirected,882,,1,VDW:SC_SC,2.898,,CD2,HD2,,,,,1,0
D:29:_:GLY,D:33:_:VAL,Undirected,883,,2,VDW:MC_SC,3.209,136.133,O,CG2,D:33:_:VAL,,,,1,1
D:29:_:GLY,D:55:_:MET,Undirected,885,,1,VDW:MC_SC,3.467,,C,SD,,,,,1,0
D:30:_:ARG,D:33:_:VAL,Undirected,886,,1,HBOND:MC_MC,3.158,124.647,O,N,D:33:_:VAL,,,,1,0
D:30:_:ARG,D:34:_:VAL,Undirected,887,,1,HBOND:MC_MC,2.791,166.407,O,N,D:34:_:VAL,,,,1,0
D:30:_:ARG,D:109:_:VAL,Undirected,888,,1,VDW:SC_SC,3.423,,CB,CG1,,,,,1,0
D:31:_:LEU,D:35:_:TYR,Undirected,889,,4,VDW:SC_SC,2.9,144.795,CD1,HD2,D:35:_:TYR,,,,1,3
D:31:_:LEU,D:38:_:THR,Undirected,893,,1,VDW:SC_SC,2.397,,HG,HG21,,,,,1,0
D:32:_:LEU,D:38:_:THR,Undirected,894,,1,VDW:SC_SC,2.705,,HD12,OG1,,,,,1,0
D:32:_:LEU,D:39:_:GLN,Undirected,895,,1,HBOND:MC_SC,2.952,168.546,O,NE2,D:39:_:GLN,,,,1,0
D:33:_:VAL,D:36:_:PRO,Undirected,896,,1,VDW:MC_SC,2.704,,O,HD3,,,,,1,0
D:35:_:TYR,D:38:_:THR,Undirected,897,,1,HBOND:MC_SC,2.753,157.597,O,OG1,D:38:_:THR,,,,1,0
D:36:_:PRO,D:39:_:GLN,Undirected,898,,1,HBOND:MC_MC,2.994,158.086,O,N,D:39:_:GLN,,,,1,0
D:37:_:TRP,D:40:_:ARG,Undirected,899,,2,VDW:MC_SC,2.71,161.219,O,HB2,D:40:_:ARG,,,,1,1
D:38:_:THR,D:42:_:PHE,Undirected,901,,1,VDW:MC_SC,2.738,,O,HD2,,,,,1,0
D:39:_:GLN,D:42:_:PHE,Undirected,902,,1,HBOND:MC_MC,2.887,160.877,O,N,D:42:_:PHE,,,,1,0
D:41:_:PHE,D:98:_:VAL,Undirected,903,,1,VDW:SC_SC,2.911,,CE1,HA,,,,,1,0
D:41:_:PHE,D:147:_:HEM,Undirected,904,,1,VDW:SC_LIG,2.926,,HB3,CMD,,,,,1,0
D:42:_:PHE,D:45:_:PHE,Undirected,905,,6,VDW:SC_SC,3.417,157.121,CD1,CE2,D:45:_:PHE,,,"T,Θ 19.61,γ 52.57,δ 66.29",1,5
D:42:_:PHE,D:63:_:HIS,Undirected,911,,1,PIPISTACK:SC_SC,5.414,51.586,"25.902,0.899,32.639","27.322,-4.300,33.149",,,,"T,Θ 17.14,γ 51.59,δ 44.19",1,0
D:45:_:PHE,D:57:_:ASN,Undirected,912,,1,HBOND:MC_SC,2.929,157.941,O,ND2,D:57:_:ASN,,,,1,0
D:45:_:PHE,D:63:_:HIS,Undirected,913,,1,PIPISTACK:SC_SC,6.222,79.151,"28.814,0.709,36.524","27.322,-4.300,33.149",,,,"T,Θ 13.88,γ 79.15,δ 51.26",1,0
D:47:_:ASP,D:57:_:ASN,Undirected,914,,1,HBOND:MC_SC,2.883,162.357,O,ND2,D:57:_:ASN,,,,1,0
D:48:_:LEU,D:54:_:VAL,Undirected,915,,1,VDW:SC_SC,2.379,,HA,HG21,,,,,1,0
D:50:_:THR,D:53:_:ALA,Undirected,916,,3,VDW:SC_SC,2.903,113.15,H,CB,D:53:_:ALA,,,,1,2
D:50:_:THR,D:54:_:VAL,Undirected,919,,1,HBOND:MC_MC,2.878,166.797,O,N,D:54:_:VAL,,,,1,0
D:51:_:PRO,D:55:_:MET,Undirected,920,,2,VDW:MC_SC,3.201,171.377,O,CG,D:55:_:MET,,,,1,1
D:52:_:ASP,D:56:_:GLY,Undirected,922,,1,HBOND:MC_MC,2.931,145.751,O,N,D:56:_:GLY,,,,1,0
D:53:_:ALA,D:57:_:ASN,Undirected,923,,1,HBOND:MC_MC,2.983,109.549,O,N,D:57:_:ASN,,,,1,0
D:54:_:VAL,D:57:_:ASN,Undirected,924,,1,HBOND:MC_MC,3.226,153.609,O,N,D:57:_:ASN,,,,1,0
D:55:_:MET,D:61:_:LYS,Undirected,925,,1,VDW:MC_SC,3.242,,O,CE,,,,,1,0
D:57:_:ASN,D:60:_:VAL,Undirected,926,,3,VDW:MC_SC,2.737,159.66,O,H,D:60:_:VAL,,,,1,2
D:57:_:ASN,D:61:_:LYS,Undirected,929,,1,HBOND:MC_MC,2.957,168.839,O,N,D:61:_:LYS,,,,1,0
D:58:_:PRO,D:62:_:ALA,Undirected,930,,1,HBOND:MC_MC,2.893,153.124,O,N,D:62:_:ALA,,,,1,0
D:59:_:LYS,D:63:_:HIS,Undirected,931,,1,HBOND:MC_MC,2.94,158.927,O,N,D:63:_:HIS,,,,1,0
D:60:_:VAL,D:63:_:HIS,Undirected,932,,1,VDW:MC_SC,2.745,,O,H,,,,,1,0
D:60:_:VAL,D:64:_:GLY,Undirected,933,,1,HBOND:MC_MC,2.888,154.538,O,N,D:64:_:GLY,,,,1,0
D:61:_:LYS,D:64:_:GLY,Undirected,934,,2,VDW:MC_MC,3.079,,O,N,,,,,1,1
D:61:_:LYS,D:65:_:LYS,Undirected,936,,2,VDW:MC_SC,3.223,156.509,O,CG,D:65:_:LYS,,,,1,1
D:62:_:ALA,D:66:_:LYS,Undirected,938,,1,HBOND:MC_MC,3.154,154.774,O,N,D:66:_:LYS,,,,1,0
D:63:_:HIS,D:66:_:LYS,Undirected,939,,1,VDW:SC_SC,2.39,,HD1,HD2,,,,,1,0
D:63:_:HIS,D:67:_:VAL,Undirected,940,,1,HBOND:MC_MC,2.93,171.846,O,N,D:67:_:VAL,,,,1,0
D:63:_:HIS,D:147:_:HEM,Undirected,941,,1,PIPISTACK:SC_SC,5.693,82.935,"27.322,-4.300,33.149","24.477,-9.209,32.671",,,,"T,Θ 25.51,γ 82.93,δ 52.08",1,0
D:64:_:GLY,D:68:_:LEU,Undirected,942,,1,HBOND:MC_MC,2.901,168.796,O,N,D:68:_:LEU,,,,1,0
D:65:_:LYS,D:69:_:GLY,Undirected,943,,1,HBOND:MC_MC,2.973,143.1,O,N,D:69:_:GLY,,,,1,0
D:66:_:LYS,D:70:_:ALA,Undirected,944,,1,HBOND:MC_MC,3.253,161.838,O,N,D:70:_:ALA,,,,1,0
D:67:_:VAL,D:70:_:ALA,Undirected,945,,1,VDW:MC_SC,2.74,,O,H,,,,,1,0
D:67:_:VAL,D:71:_:PHE,Undirected,946,,1,HBOND:MC_MC,2.986,164.922,O,N,D:71:_:PHE,,,,1,0
D:67:_:VAL,D:106:_:LEU,Undirected,947,,1,VDW:SC_SC,2.391,,HG11,HD23,,,,,1,0
D:68:_:LEU,D:72:_:SER,Undirected,948,,2,VDW:MC_SC,2.729,161.103,O,HB2,D:72:_:SER,,,,1,1
D:69:_:GLY,D:73:_:ASP,Undirected,950,,1,HBOND:MC_MC,2.972,168.302,O,N,D:73:_:ASP,,,,1,0
D:70:_:ALA,D:74:_:GLY,Undirected,951,,1,HBOND:MC_MC,2.996,149.087,O,N,D:74:_:GLY,,,,1,0
D:70:_:ALA,D:147:_:HEM,Undirected,952,,1,VDW:SC_LIG,2.895,,CB,HMAA,,,,,1,0
D:71:_:PHE,D:74:_:GLY,Undirected,953,,1,HBOND:MC_MC,3.018,113.877,O,N,D:74:_:GLY,,,,1,0
D:72:_:SER,D:75:_:LEU,Undirected,954,,2,VDW:MC_SC,2.701,146.568,O,HB3,D:75:_:LEU,,,,1,1
D:73:_:ASP,D:76:_:ALA,Undirected,956,,2,VDW:MC_SC,2.74,163.07,O,HB2,D:76:_:ALA,,,,1,1
D:74:_:GLY,D:77:_:HIS,Undirected,958,,1,HBOND:MC_MC,2.992,149.466,O,N,D:77:_:HIS,,,,1,0
D:77:_:HIS,D:80:_:ASN,Undirected,959,,1,HBOND:MC_MC,2.89,158.875,O,N,D:80:_:ASN,,,,1,0
D:80:_:ASN,D:83:_:GLY,Undirected,960,,1,VDW:SC_SC,2.418,,HD22,HA3,,,,,1,0
D:80:_:ASN,D:84:_:THR,Undirected,961,,1,HBOND:MC_MC,2.908,157.868,O,N,D:84:_:THR,,,,1,0
D:81:_:LEU,D:85:_:PHE,Undirected,962,,2,VDW:MC_SC,2.707,149.295,O,HB2,D:85:_:PHE,,,,1,1
D:82:_:LYS,D:85:_:PHE,Undirected,964,,1,VDW:MC_SC,2.713,,O,H,,,,,1,0
D:82:_:LYS,D:86:_:ALA,Undirected,965,,1,HBOND:MC_MC,2.938,108.159,O,N,D:86:_:ALA,,,,1,0
D:82:_:LYS,D:140:_:ALA,Undirected,966,,1,VDW:SC_SC,2.406,,HA,HB3,,,,,1,0
D:82:_:LYS,D:143:_:HIS,Undirected,967,,1,PICATION:SC_SC,4.374,29.33,NZ,"11.214,-15.457,22.480",,,D:82:_:LYS,,1,0
D:85:_:PHE,D:89:_:SER,Undirected,968,,1,HBOND:MC_MC,2.707,146.8,O,N,D:89:_:SER,,,,1,0
D:86:_:ALA,D:89:_:SER,Undirected,969,,1,VDW:MC_MC,3.075,,O,N,,,,,1,0
D:86:_:ALA,D:90:_:GLU,Undirected,970,,1,HBOND:MC_MC,2.987,165.836,O,N,D:90:_:GLU,,,,1,0
D:87:_:THR,D:91:_:LEU,Undirected,971,,1,HBOND:MC_MC,3.009,155.949,O,N,D:91:_:LEU,,,,1,0
D:88:_:LEU,D:92:_:HIS,Undirected,972,,1,HBOND:MC_SC,2.727,154.372,O,ND1,D:92:_:HIS,,,,1,0
D:88:_:LEU,D:147:_:HEM,Undirected,973,,1,VDW:SC_LIG,2.918,,CD2,HMA,,,,,1,0
D:89:_:SER,D:93:_:CYS,Undirected,974,,2,VDW:MC_MC,3.066,149.124,O,N,D:93:_:CYS,,,,1,1
D:89:_:SER,D:141:_:LEU,Undirected,976,,1,VDW:SC_MC,2.712,,HA,O,,,,,1,0
D:89:_:SER,D:144:_:LYS,Undirected,977,,2,VDW:SC_SC,3.233,150.606,OG,CB,D:144:_:LYS,,,,1,1
D:90:_:GLU,D:94:_:ASP,Undirected,979,,2,VDW:MC_SC,3.225,156.957,O,CB,D:94:_:ASP,,,,1,1
D:91:_:LEU,D:95:_:LYS,Undirected,981,,1,HBOND:MC_MC,2.978,154.761,O,N,D:95:_:LYS,,,,1,0
D:91:_:LEU,D:96:_:LEU,Undirected,982,,2,VDW:MC_MC,3.072,164.2,O,N,D:96:_:LEU,,,,1,1
D:92:_:HIS,D:98:_:VAL,Undirected,984,,1,HBOND:MC_MC,2.98,167.362,O,N,D:98:_:VAL,,,,1,0
D:92:_:HIS,D:103:_:PHE,Undirected,985,,2,VDW:SC_SC,2.398,76.935,HB3,HZ,,,,"T,Θ 17.83,γ 76.94,δ 58.99",1,1
D:92:_:HIS,D:147:_:HEM,Undirected,987,,3,VDW:SC_LIG,3.118,89.741,HE1,FE,,,,"T,Θ 46.00,γ 89.74,δ 14.40",1,2
D:93:_:CYS,D:145:_:TYR,Undirected,990,,1,VDW:SC_SC,2.884,,HB2,CE1,,,,,1,0
D:94:_:ASP,D:146:_:HIS,Undirected,991,,1,HBOND:SC_SC,2.798,146.807,OD1,NE2,D:146:_:HIS,,,,1,0
D:98:_:VAL,D:145:_:TYR,Undirected,992,,2,VDW:MC_SC,3.221,99.33,O,CZ,D:145:_:TYR,,,,1,1
D:99:_:ASP,D:102:_:ASN,Undirected,994,,4,VDW:MC_SC,2.898,141.3,C,HD21,D:102:_:ASN,,,,1,3
D:100:_:PRO,D:103:_:PHE,Undirected,998,,2,VDW:MC_SC,2.723,135.324,O,HB2,D:103:_:PHE,,,,1,1
D:100:_:PRO,D:104:_:ARG,Undirected,1000,,1,VDW:MC_SC,2.693,,O,H,,,,,1,0
D:100:_:PRO,D:142:_:ALA,Undirected,1001,,1,VDW:SC_SC,2.887,,CB,HB1,,,,,1,0
D:100:_:PRO,D:145:_:TYR,Undirected,1002,,1,VDW:SC_SC,2.883,,HG3,CE2,,,,,1,0
D:101:_:GLU,D:104:_:ARG,Undirected,1003,,1,HBOND:MC_MC,2.982,127.811,O,N,D:104:_:ARG,,,,1,0
D:101:_:GLU,D:105:_:LEU,Undirected,1004,,1,HBOND:MC_MC,3.014,160.89,O,N,D:105:_:LEU,,,,1,0
D:102:_:ASN,D:106:_:LEU,Undirected,1005,,1,HBOND:MC_MC,2.908,159.921,O,N,D:106:_:LEU,,,,1,0
D:102:_:ASN,D:147:_:HEM,Undirected,1006,,1,VDW:MC_LIG,2.9,,C,HMCA,,,,,1,0
D:103:_:PHE,D:107:_:GLY,Undirected,1007,,1,HBOND:MC_MC,3.023,151.84,O,N,D:107:_:GLY,,,,1,0
D:103:_:PHE,D:145:_:TYR,Undirected,1008,,2,VDW:SC_SC,2.907,78.148,CZ,HH,,,,"T,Θ 12.47,γ 78.15,δ 33.19",1,1
D:103:_:PHE,D:147:_:HEM,Undirected,1010,,1,PIPISTACK:SC_SC,5.482,82.465,"19.533,-6.329,25.816","23.322,-4.036,29.047",,,,"T,Θ 11.59,γ 82.46,δ 57.78",1,0
D:104:_:ARG,D:107:_:GLY,Undirected,1011,,1,VDW:MC_SC,2.733,,O,H,,,,,1,0
D:104:_:ARG,D:108:_:ASN,Undirected,1012,,1,HBOND:MC_MC,2.91,151.285,O,N,D:108:_:ASN,,,,1,0
D:104:_:ARG,D:138:_:ALA,Undirected,1013,,1,VDW:SC_SC,2.383,,HE,HB3,,,,,1,0
D:104:_:ARG,D:139:_:ASN,Undirected,1014,,1,VDW:SC_SC,3.086,,NH2,OD1,,,,,1,0
D:105:_:LEU,D:108:_:ASN,Undirected,1015,,2,VDW:MC_SC,2.898,,C,H,,,,,1,1
D:105:_:LEU,D:109:_:VAL,Undirected,1017,,1,HBOND:MC_MC,2.906,164.374,O,N,D:109:_:VAL,,,,1,0
D:106:_:LEU,D:110:_:LEU,Undirected,1018,,1,HBOND:MC_MC,2.755,156.656,O,N,D:110:_:LEU,,,,1,0
D:107:_:GLY,D:111:_:VAL,Undirected,1019,,1,HBOND:MC_MC,3.013,161.512,O,N,D:111:_:VAL,,,,1,0
D:108:_:ASN,D:112:_:CYS,Undirected,1020,,1,HBOND:MC_MC,3.168,164.76,O,N,D:112:_:CYS,,,,1,0
D:109:_:VAL,D:113:_:VAL,Undirected,1021,,1,HBOND:MC_MC,2.861,154.103,O,N,D:113:_:VAL,,,,1,0
D:110:_:LEU,D:114:_:LEU,Undirected,1022,,1,HBOND:MC_MC,2.828,165.548,O,N,D:114:_:LEU,,,,1,0
D:111:_:VAL,D:115:_:ALA,Undirected,1023,,1,HBOND:MC_MC,2.916,159.666,O,N,D:115:_:ALA,,,,1,0
D:111:_:VAL,D:122:_:PHE,Undirected,1024,,1,VDW:SC_SC,2.908,,HG13,CE2,,,,,1,0
D:112:_:CYS,D:116:_:HIS,Undirected,1025,,1,HBOND:MC_MC,2.85,160.096,O,N,D:116:_:HIS,,,,1,0
D:113:_:VAL,D:116:_:HIS,Undirected,1026,,1,VDW:MC_SC,2.738,,O,HB3,,,,,1,0
D:113:_:VAL,D:117:_:HIS,Undirected,1027,,2,VDW:MC_SC,2.927,162.159,C,H,D:117:_:HIS,,,,1,1
D:114:_:LEU,D:118:_:PHE,Undirected,1029,,1,HBOND:MC_MC,2.779,168.106,O,N,D:118:_:PHE,,,,1,0
D:115:_:ALA,D:119:_:GLY,Undirected,1030,,1,HBOND:MC_MC,2.881,135.986,O,N,D:119:_:GLY,,,,1,0
D:118:_:PHE,D:121:_:GLU,Undirected,1031,,1,HBOND:MC_MC,3.188,142.489,O,N,D:121:_:GLU,,,,1,0
D:119:_:GLY,D:122:_:PHE,Undirected,1032,,1,HBOND:MC_MC,2.934,151.425,O,N,D:122:_:PHE,,,,1,0
D:120:_:LYS,D:123:_:THR,Undirected,1033,,1,VDW:MC_SC,2.726,,O,HG22,,,,,1,0
D:122:_:PHE,D:130:_:TYR,Undirected,1034,,1,PIPISTACK:SC_SC,6.039,49.995,"34.252,-7.587,11.589","32.077,-12.181,14.850",,,,"I,Θ 3.27,γ 49.99,δ 50.28",1,0
D:123:_:THR,D:126:_:VAL,Undirected,1035,,1,HBOND:SC_MC,3.301,158.103,OG1,N,D:126:_:VAL,,,,1,0
D:123:_:THR,D:127:_:GLN,Undirected,1036,,1,HBOND:MC_MC,2.799,167.519,O,N,D:127:_:GLN,,,,1,0
D:124:_:PRO,D:128:_:ALA,Undirected,1037,,1,HBOND:MC_MC,2.901,161.866,O,N,D:128:_:ALA,,,,1,0
D:125:_:PRO,D:129:_:ALA,Undirected,1038,,1,HBOND:MC_MC,3.101,165.91,O,N,D:129:_:ALA,,,,1,0
D:126:_:VAL,D:130:_:TYR,Undirected,1039,,1,HBOND:MC_MC,2.923,166.148,O,N,D:130:_:TYR,,,,1,0
D:127:_:GLN,D:131:_:GLN,Undirected,1040,,2,HBOND:SC_SC,3.111,162.693,NE2,OE1,D:127:_:GLN,,,,1,1
D:128:_:ALA,D:132:_:LYS,Undirected,1042,,1,HBOND:MC_MC,3.151,161.815,O,N,D:132:_:LYS,,,,1,0
D:129:_:ALA,D:133:_:VAL,Undirected,1043,,1,HBOND:MC_MC,3.12,157.237,O,N,D:133:_:VAL,,,,1,0
D:130:_:TYR,D:133:_:VAL,Undirected,1044,,1,VDW:MC_SC,2.696,,O,HB,,,,,1,0
D:130:_:TYR,D:134:_:VAL,Undirected,1045,,2,VDW:MC_SC,2.733,165.686,O,HG13,D:134:_:VAL,,,,1,1
D:131:_:GLN,D:135:_:ALA,Undirected,1047,,1,HBOND:MC_MC,2.909,164.64,O,N,D:135:_:ALA,,,,1,0
D:132:_:LYS,D:136:_:GLY,Undirected,1048,,1,HBOND:MC_MC,2.805,153.667,O,N,D:136:_:GLY,,,,1,0
D:133:_:VAL,D:137:_:VAL,Undirected,1049,,2,VDW:MC_SC,3.222,164.398,O,CG2,D:137:_:VAL,,,,1,1
D:134:_:VAL,D:138:_:ALA,Undirected,1051,,1,HBOND:MC_MC,3.135,162.064,O,N,D:138:_:ALA,,,,1,0
D:135:_:ALA,D:139:_:ASN,Undirected,1052,,1,HBOND:MC_MC,2.875,161.752,O,N,D:139:_:ASN,,,,1,0
D:136:_:GLY,D:140:_:ALA,Undirected,1053,,1,HBOND:MC_MC,2.903,152.279,O,N,D:140:_:ALA,,,,1,0
D:137:_:VAL,D:140:_:ALA,Undirected,1054,,1,VDW:MC_SC,2.903,,C,H,,,,,1,0
D:137:_:VAL,D:141:_:LEU,Undirected,1055,,1,HBOND:MC_MC,2.738,160.107,O,N,D:141:_:LEU,,,,1,0
D:138:_:ALA,D:142:_:ALA,Undirected,1056,,1,HBOND:MC_MC,2.908,135.635,O,N,D:142:_:ALA,,,,1,0
D:140:_:ALA,D:143:_:HIS,Undirected,1057,,1,HBOND:MC_MC,3.272,156.666,O,N,D:143:_:HIS,,,,1,0
D:141:_:LEU,D:145:_:TYR,Undirected,1058,,1,VDW:MC_SC,3.228,,O,CE1,,,,,1,0
D:141:_:LEU,D:147:_:HEM,Undirected,1059,,1,VDW:SC_LIG,3.429,,CD1,CAB,,,,,1,0
D:142:_:ALA,D:145:_:TYR,Undirected,1060,,2,VDW:MC_SC,2.709,163.733,O,HB2,D:145:_:TYR,,,,1,1
