Source,Target,Type,Id,Label,Weight,12,13,14,15,16,17,18,19,20,21,22
A:1:_:V,A:81:_:L,Undirected,0,,1,V:SC_SC,2.897,,CG2,HD11,,,,,1,0
A:2:_:H,B:146:_:H,Undirected,1,,2,V:SC_SC,2.377,161.843,H,HXT,A:2:_:H,,,,1,1
A:4:_:T,A:7:_:E,Undirected,3,,3,V:SC_SC,2.729,168.517,OG1,HG3,A:4:_:T,,,,1,2
A:4:_:T,A:8:_:K,Undirected,6,,1,H:MC_MC,3.03,172.079,O,N,A:8:_:K,,,,1,0
A:5:_:P,A:9:_:S,Undirected,7,,1,H:MC_MC,3.164,150.681,O,N,A:9:_:S,,,,1,0
A:6:_:E,A:9:_:S,Undirected,8,,1,H:MC_MC,2.956,122.059,O,N,A:9:_:S,,,,1,0
A:6:_:E,A:10:_:A,Undirected,9,,2,V:MC_MC,3.051,168.687,O,N,A:10:_:A,,,,1,1
A:7:_:E,A:11:_:V,Undirected,11,,2,V:MC_SC,3.242,149.011,O,CB,A:11:_:V,,,,1,1
A:8:_:K,A:11:_:V,Undirected,13,,3,V:MC_SC,3.195,,O,CB,,,,,1,2
A:8:_:K,A:12:_:T,Undirected,16,,2,H:MC_SC,3.225,159.371,O,OG1,A:12:_:T,,,,1,1
A:9:_:S,A:12:_:T,Undirected,18,,1,H:MC_SC,2.96,115.467,O,OG1,A:12:_:T,,,,1,0
A:9:_:S,A:13:_:A,Undirected,19,,2,V:MC_MC,3.063,152.137,O,N,A:13:_:A,,,,1,1
A:10:_:A,A:14:_:L,Undirected,21,,2,V:MC_MC,3.048,162.875,O,N,A:14:_:L,,,,1,1
A:11:_:V,A:15:_:W,Undirected,23,,1,H:MC_MC,2.856,159.92,O,N,A:15:_:W,,,,1,0
A:11:_:V,A:129:_:A,Undirected,24,,1,V:SC_SC,2.901,,CG2,HB3,,,,,1,0
A:12:_:T,A:15:_:W,Undirected,25,,1,V:MC_MC,3.083,,O,N,,,,,1,0
A:12:_:T,A:16:_:G,Undirected,26,,1,H:MC_MC,2.581,139.668,O,N,A:16:_:G,,,,1,0
A:13:_:A,A:16:_:G,Undirected,27,,1,V:MC_SC,2.706,,O,H,,,,,1,0
A:14:_:L,A:17:_:K,Undirected,28,,2,V:MC_MC,3.044,134.824,O,N,A:17:_:K,,,,1,1
A:14:_:L,A:118:_:F,Undirected,30,,1,V:SC_SC,2.929,,HG,CD2,,,,,1,0
A:14:_:L,A:122:_:F,Undirected,31,,1,V:SC_SC,2.912,,CD1,HD1,,,,,1,0
A:15:_:W,A:18:_:V,Undirected,32,,1,H:MC_MC,3.283,153.237,O,N,A:18:_:V,,,,1,0
A:15:_:W,A:68:_:L,Undirected,33,,1,V:SC_SC,2.922,,HH2,CD1,,,,,1,0
A:15:_:W,A:72:_:S,Undirected,34,,1,H:SC_SC,2.833,162.841,NE1,OG,A:15:_:W,,,,1,0
A:15:_:W,A:75:_:L,Undirected,35,,1,V:SC_SC,2.926,,CE2,HD12,,,,,1,0
A:15:_:W,A:130:_:Y,Undirected,36,,2,V:SC_SC,3.242,34.093,CB,OH,,,,"I,Θ 28.66,γ 34.09,δ 10.03",1,1
A:17:_:K,A:118:_:F,Undirected,38,,1,V:SC_SC,2.922,,CB,HE2,,,,,1,0
A:17:_:K,A:121:_:E,Undirected,39,,2,H:SC_SC,2.859,153.498,NZ,OE1,A:17:_:K,A:17:_:K,,,1,1
A:19:_:N,A:22:_:E,Undirected,41,,3,V:SC_MC,3.09,160.315,OD1,N,A:22:_:E,,,,1,2
A:19:_:N,A:23:_:V,Undirected,44,,2,V:MC_SC,2.721,155.402,O,HG22,A:23:_:V,,,,1,1
A:20:_:V,A:68:_:L,Undirected,46,,1,V:SC_SC,2.928,,HA,CD2,,,,,1,0
A:22:_:E,A:26:_:E,Undirected,47,,1,H:MC_MC,3.01,140.049,O,N,A:26:_:E,,,,1,0
A:22:_:E,A:117:_:H,Undirected,48,,1,H:SC_SC,3.164,158.651,OE1,NE2,A:117:_:H,,,,1,0
A:23:_:V,A:26:_:E,Undirected,49,,2,V:MC_MC,3.044,119.091,O,N,A:26:_:E,,,,1,1
A:23:_:V,A:27:_:A,Undirected,51,,1,H:MC_MC,2.868,160.353,O,N,A:27:_:A,,,,1,0
A:23:_:V,A:113:_:V,Undirected,52,,2,V:SC_SC,2.897,,HG13,CG1,,,,,1,1
A:24:_:G,A:28:_:L,Undirected,54,,1,H:MC_MC,2.746,169.466,O,N,A:28:_:L,,,,1,0
A:24:_:G,A:64:_:G,Undirected,55,,1,V:MC_MC,3.201,,CA,O,,,,,1,0
A:24:_:G,A:68:_:L,Undirected,56,,1,V:MC_SC,2.881,,CA,HD13,,,,,1,0
A:25:_:G,A:29:_:G,Undirected,57,,1,H:MC_MC,3.016,152.584,O,N,A:29:_:G,,,,1,0
A:26:_:E,A:30:_:R,Undirected,58,,8,V:SC_SC,3.046,134.68,OE2,NH2,A:30:_:R,,,,1,7
A:26:_:E,A:55:_:M,Undirected,66,,1,V:SC_SC,2.389,,HA,HE1,,,,,1,0
A:27:_:A,A:31:_:L,Undirected,67,,1,H:MC_MC,3.023,150.689,O,N,A:31:_:L,,,,1,0
A:27:_:A,A:109:_:V,Undirected,68,,1,V:MC_SC,2.734,,O,HG11,,,,,1,0
A:27:_:A,A:113:_:V,Undirected,69,,1,V:SC_SC,2.407,,HA,HG23,,,,,1,0
A:28:_:L,A:32:_:L,Undirected,70,,2,V:MC_SC,2.712,173.256,O,HG,A:32:_:L,,,,1,1
A:28:_:L,A:60:_:V,Undirected,72,,2,V:SC_MC,3.191,,CD2,O,,,,,1,1
A:29:_:G,A:33:_:V,Undirected,74,,1,H:MC_MC,3.114,124.387,O,N,A:33:_:V,,,,1,0
A:29:_:G,A:54:_:V,Undirected,75,,1,V:MC_SC,2.718,,O,HG11,,,,,1,0
A:30:_:R,A:33:_:V,Undirected,76,,1,H:MC_MC,3.139,134.657,O,N,A:33:_:V,,,,1,0
A:30:_:R,A:34:_:V,Undirected,77,,1,H:MC_MC,2.802,168.199,O,N,A:34:_:V,,,,1,0
A:30:_:R,D:122:_:F,Undirected,78,,1,H:SC_MC,2.719,165.218,NH2,O,A:30:_:R,,,,1,0
A:30:_:R,D:127:_:Q,Undirected,79,,2,V:SC_SC,2.703,140.747,HH11,OE1,A:30:_:R,,,,1,1
A:31:_:L,A:35:_:Y,Undirected,81,,1,H:MC_MC,2.827,143.384,O,N,A:35:_:Y,,,,1,0
A:31:_:L,A:106:_:L,Undirected,82,,2,V:SC_MC,2.905,,HD13,CA,,,,,1,1
A:31:_:L,A:109:_:V,Undirected,84,,1,V:SC_SC,2.409,,HA,HG23,,,,,1,0
A:32:_:L,A:39:_:Q,Undirected,85,,2,V:SC_SC,2.413,166.268,HB2,HG3,A:39:_:Q,,,,1,1
A:32:_:L,A:42:_:F,Undirected,87,,1,V:SC_SC,2.895,,HD23,CD2,,,,,1,0
A:35:_:Y,A:38:_:T,Undirected,88,,3,V:MC_SC,2.884,155.601,C,HG1,A:38:_:T,,,,1,2
A:36:_:P,A:39:_:Q,Undirected,91,,2,V:MC_SC,3.218,148.771,O,CG,A:39:_:Q,,,,1,1
A:37:_:W,A:40:_:R,Undirected,93,,2,V:MC_SC,2.882,164.422,C,H,A:40:_:R,,,,1,1
A:37:_:W,A:102:_:N,Undirected,95,,1,H:SC_SC,3.179,150.696,NE1,OD1,A:37:_:W,,,,1,0
A:37:_:W,C:97:_:H,Undirected,96,,1,V:SC_MC,3.207,,CB,O,,,,,1,0
A:37:_:W,C:145:_:Y,Undirected,97,,3,V:SC_SC,2.921,62.434,HE3,CE1,,,,"T,Θ 17.34,γ 62.43,δ 65.14",1,2
A:38:_:T,A:102:_:N,Undirected,100,,1,V:SC_SC,2.921,,HG22,CG,,,,,1,0
A:39:_:Q,A:42:_:F,Undirected,101,,2,V:MC_MC,3.041,154.121,O,N,A:42:_:F,,,,1,1
A:40:_:R,A:99:_:D,Undirected,103,,1,H:SC_SC,2.72,130.924,NH2,OD1,A:40:_:R,,,,1,0
A:40:_:R,C:41:_:F,Undirected,104,,1,V:SC_SC,2.745,,NH2,HZ,,,,,1,0
A:40:_:R,C:97:_:H,Undirected,105,,1,V:SC_MC,2.719,,HD3,O,,,,,1,0
A:40:_:R,C:99:_:D,Undirected,106,,2,H:SC_SC,3.276,141.158,NE,OD1,A:40:_:R,,,,1,1
A:41:_:F,A:97:_:H,Undirected,108,,1,V:SC_MC,2.909,,HE1,C,,,,,1,0
A:41:_:F,A:98:_:V,Undirected,109,,1,V:SC_SC,2.907,,CD1,HG21,,,,,1,0
A:41:_:F,A:201:_:LIG,Undirected,110,,3,V:SC_LIG,2.871,86.119,CG,HAC,,,,"T,Θ 71.70,γ 86.12,δ 19.57",1,2
A:42:_:F,A:45:_:F,Undirected,113,,2,H:MC_MC,2.865,156.938,O,N,A:45:_:F,,,"T,Θ 13.69,γ 57.39,δ 64.88",1,1
A:42:_:F,A:48:_:L,Undirected,115,,1,V:MC_SC,2.89,,C,HD11,,,,,1,0
A:42:_:F,A:63:_:H,Undirected,116,,1,PP:SC_SC,5.776,52.501,"8.086,20.350,17.538","12.809,23.581,16.756",,,,"T,Θ 51.48,γ 52.50,δ 17.75",1,0
A:42:_:F,A:201:_:LIG,Undirected,117,,2,V:SC_LIG,3.37,24.595,CZ,CHD,,,,"P,Θ 39.68,γ 24.59,δ 15.15",1,1
A:43:_:E,A:46:_:G,Undirected,119,,1,H:MC_MC,3.399,165.339,O,N,A:46:_:G,,,,1,0
A:45:_:F,A:57:_:N,Undirected,120,,1,H:MC_SC,2.706,174.263,O,ND2,A:57:_:N,,,,1,0
A:45:_:F,A:59:_:K,Undirected,121,,2,V:SC_SC,3.402,,CD2,CB,,,,,1,1
A:45:_:F,A:63:_:H,Undirected,123,,1,PP:SC_SC,5.809,67.106,"7.576,25.710,18.107","12.809,23.581,16.756",,,,"T,Θ 7.81,γ 67.11,δ 53.49",1,0
A:50:_:T,A:53:_:A,Undirected,124,,2,V:SC_SC,2.399,162.591,HG1,H,A:53:_:A,,,,1,1
A:50:_:T,A:54:_:V,Undirected,126,,1,H:MC_MC,2.953,160.325,O,N,A:54:_:V,,,,1,0
A:51:_:P,A:55:_:M,Undirected,127,,1,H:MC_MC,3.003,161.654,O,N,A:55:_:M,,,,1,0
A:52:_:D,A:56:_:G,Undirected,128,,1,H:MC_MC,2.879,160.393,O,N,A:56:_:G,,,,1,0
A:53:_:A,A:57:_:N,Undirected,129,,1,V:MC_SC,3.236,,O,CB,,,,,1,0
A:54:_:V,A:57:_:N,Undirected,130,,1,H:MC_MC,3.317,153.788,O,N,A:57:_:N,,,,1,0
A:55:_:M,D:124:_:P,Undirected,131,,1,V:SC_SC,3.487,,SD,CG,,,,,1,0
A:57:_:N,A:60:_:V,Undirected,132,,2,V:SC_SC,2.903,162.998,CG,H,A:60:_:V,,,,1,1
A:57:_:N,A:61:_:K,Undirected,134,,1,H:MC_MC,3.112,171.029,O,N,A:61:_:K,,,,1,0
A:58:_:P,A:61:_:K,Undirected,135,,1,V:MC_SC,2.695,,O,HB2,,,,,1,0
A:58:_:P,A:62:_:A,Undirected,136,,1,H:MC_MC,2.836,166.39,O,N,A:62:_:A,,,,1,0
A:59:_:K,A:63:_:H,Undirected,137,,2,V:MC_SC,2.713,152.955,O,HB2,A:63:_:H,,,,1,1
A:60:_:V,A:64:_:G,Undirected,139,,1,H:MC_MC,2.779,152.573,O,N,A:64:_:G,,,,1,0
A:61:_:K,A:64:_:G,Undirected,140,,1,H:MC_MC,2.829,106.041,O,N,A:64:_:G,,,,1,0
A:61:_:K,A:65:_:K,Undirected,141,,1,H:MC_MC,2.993,140.802,O,N,A:65:_:K,,,,1,0
A:62:_:A,A:66:_:K,Undirected,142,,1,V:MC_SC,2.71,,O,H,,,,,1,0
A:63:_:H,A:66:_:K,Undirected,143,,1,H:MC_MC,2.954,123.295,O,N,A:66:_:K,,,,1,0
A:63:_:H,A:67:_:V,Undirected,144,,1,H:MC_MC,3.035,158.952,O,N,A:67:_:V,,,,1,0
A:63:_:H,A:201:_:LIG,Undirected,145,,1,PP:SC_SC,4.659,85.761,"12.809,23.581,16.756","16.780,21.881,18.501",,,,"T,Θ 23.00,γ 85.76,δ 62.76",1,0
A:64:_:G,A:68:_:L,Undirected,146,,1,H:MC_MC,2.954,161.299,O,N,A:68:_:L,,,,1,0
A:65:_:K,A:69:_:G,Undirected,147,,1,H:MC_MC,3.172,154.908,O,N,A:69:_:G,,,,1,0
A:66:_:K,A:70:_:A,Undirected,148,,1,H:MC_MC,3.017,147.15,O,N,A:70:_:A,,,,1,0
A:67:_:V,A:71:_:F,Undirected,149,,1,H:MC_MC,3.161,168.104,O,N,A:71:_:F,,,,1,0
A:68:_:L,A:72:_:S,Undirected,150,,1,H:MC_MC,2.937,160.257,O,N,A:72:_:S,,,,1,0
A:69:_:G,A:72:_:S,Undirected,151,,1,V:MC_SC,2.912,,CA,HB2,,,,,1,0
A:69:_:G,A:73:_:D,Undirected,152,,2,V:MC_MC,3.048,160.203,O,N,A:73:_:D,,,,1,1
A:70:_:A,A:73:_:D,Undirected,154,,1,V:MC_SC,3.198,,O,CB,,,,,1,0
A:70:_:A,A:74:_:G,Undirected,155,,1,H:MC_MC,2.976,145.392,O,N,A:74:_:G,,,,1,0
A:70:_:A,A:201:_:LIG,Undirected,156,,1,V:SC_LIG,3.41,,CB,CMB,,,,,1,0
A:71:_:F,A:74:_:G,Undirected,157,,2,V:MC_MC,3.216,113.0,O,CA,A:74:_:G,,,,1,1
A:71:_:F,A:75:_:L,Undirected,159,,1,H:MC_MC,2.772,163.382,O,N,A:75:_:L,,,,1,0
A:72:_:S,A:76:_:A,Undirected,160,,2,V:MC_MC,3.086,170.446,O,N,A:76:_:A,,,,1,1
A:73:_:D,A:77:_:H,Undirected,162,,2,V:MC_SC,2.719,154.762,O,H,A:77:_:H,,,,1,1
A:74:_:G,A:77:_:H,Undirected,164,,1,H:MC_MC,2.943,149.415,O,N,A:77:_:H,,,,1,0
A:74:_:G,A:78:_:L,Undirected,165,,1,V:MC_SC,2.713,,O,HD22,,,,,1,0
A:75:_:L,A:78:_:L,Undirected,166,,1,V:SC_SC,2.381,,HD22,HD23,,,,,1,0
A:75:_:L,A:133:_:V,Undirected,167,,1,V:SC_SC,2.896,,CD2,HG11,,,,,1,0
A:77:_:H,A:80:_:N,Undirected,168,,1,H:MC_MC,2.77,161.602,O,N,A:80:_:N,,,,1,0
A:77:_:H,A:84:_:T,Undirected,169,,1,V:SC_SC,3.188,,CB,OG1,,,,,1,0
A:78:_:L,A:81:_:L,Undirected,170,,1,V:SC_SC,2.414,,HD22,HD23,,,,,1,0
A:80:_:N,A:83:_:G,Undirected,171,,1,V:SC_SC,2.7,,OD1,HA3,,,,,1,0
A:80:_:N,A:84:_:T,Undirected,172,,1,H:MC_MC,2.843,148.447,O,N,A:84:_:T,,,,1,0
A:81:_:L,A:85:_:F,Undirected,173,,2,V:MC_SC,3.221,149.006,O,CD2,A:85:_:F,,,,1,1
A:85:_:F,A:88:_:L,Undirected,175,,2,V:MC_MC,3.069,,O,N,,,,,1,1
A:85:_:F,A:89:_:S,Undirected,177,,1,H:MC_MC,2.679,157.837,O,N,A:89:_:S,,,,1,0
A:86:_:A,A:90:_:E,Undirected,178,,1,H:MC_MC,3.128,168.592,O,N,A:90:_:E,,,,1,0
A:87:_:T,A:91:_:L,Undirected,179,,1,H:MC_MC,3.182,160.44,O,N,A:91:_:L,,,,1,0
A:88:_:L,A:92:_:H,Undirected,180,,3,V:SC_SC,2.399,169.213,HD21,HE1,A:92:_:H,,,,1,2
A:89:_:S,A:93:_:C,Undirected,183,,2,V:MC_SC,3.207,155.684,O,CB,A:93:_:C,,,,1,1
A:89:_:S,A:144:_:K,Undirected,185,,2,V:SC_SC,2.728,151.429,OG,HB2,A:144:_:K,,,,1,1
A:90:_:E,A:94:_:D,Undirected,187,,1,H:MC_MC,2.867,130.062,O,N,A:94:_:D,,,,1,0
A:90:_:E,A:95:_:K,Undirected,188,,1,H:MC_MC,3.358,148.404,O,N,A:95:_:K,,,,1,0
A:91:_:L,A:95:_:K,Undirected,189,,3,V:SC_SC,2.914,134.451,CD1,HD3,A:95:_:K,,,,1,2
A:91:_:L,A:96:_:L,Undirected,192,,1,H:MC_MC,2.972,132.848,O,N,A:96:_:L,,,,1,0
A:92:_:H,A:97:_:H,Undirected,193,,1,H:MC_MC,2.832,99.207,O,N,A:97:_:H,,,,1,0
A:92:_:H,A:98:_:V,Undirected,194,,1,H:MC_MC,2.953,172.586,O,N,A:98:_:V,,,,1,0
A:92:_:H,A:103:_:F,Undirected,195,,3,V:SC_SC,3.373,67.679,CB,CZ,,,,"T,Θ 42.08,γ 67.68,δ 20.85",1,2
A:92:_:H,A:201:_:LIG,Undirected,198,,4,V:SC_LIG,3.097,86.878,NE2,NC,,,,"T,Θ 7.40,γ 86.88,δ 40.90",1,3
A:93:_:C,A:144:_:K,Undirected,202,,3,V:SC_SC,3.022,,SG,HB2,,,,,1,2
A:93:_:C,A:145:_:Y,Undirected,205,,1,V:SC_SC,3.515,,SG,CD2,,,,,1,0
A:94:_:D,A:144:_:K,Undirected,206,,2,H:SC_SC,2.666,132.057,OD2,NZ,A:144:_:K,A:144:_:K,,,1,1
A:96:_:L,A:201:_:LIG,Undirected,208,,1,V:SC_LIG,2.927,,HD13,CMD,,,,,1,0
A:96:_:L,C:40:_:R,Undirected,209,,1,H:MC_SC,2.604,131.366,O,NH1,C:40:_:R,,,,1,0
A:99:_:D,A:102:_:N,Undirected,210,,2,V:SC_SC,2.418,137.049,H,HD21,A:102:_:N,,,,1,1
A:99:_:D,C:37:_:W,Undirected,212,,1,V:SC_SC,3.229,,OD2,CD1,,,,,1,0
A:99:_:D,C:102:_:N,Undirected,213,,1,H:SC_SC,2.728,144.361,OD2,ND2,C:102:_:N,,,,1,0
A:100:_:P,A:103:_:F,Undirected,214,,2,V:MC_MC,3.063,117.997,O,N,A:103:_:F,,,,1,1
A:100:_:P,A:104:_:R,Undirected,216,,1,H:MC_MC,3.2,162.325,O,N,A:104:_:R,,,,1,0
A:100:_:P,A:145:_:Y,Undirected,217,,1,V:SC_SC,2.377,,HG3,HD2,,,,,1,0
A:101:_:E,A:104:_:R,Undirected,218,,1,V:SC_SC,3.208,,OE1,CD,,,,,1,0
A:101:_:E,A:105:_:L,Undirected,219,,1,H:MC_MC,2.936,139.823,O,N,A:105:_:L,,,,1,0
A:102:_:N,A:105:_:L,Undirected,220,,1,V:SC_SC,2.423,,HA,HB3,,,,,1,0
A:102:_:N,A:106:_:L,Undirected,221,,1,H:MC_MC,3.02,140.596,O,N,A:106:_:L,,,,1,0
A:102:_:N,A:201:_:LIG,Undirected,222,,1,V:SC_LIG,2.418,,HB3,HMCA,,,,,1,0
A:102:_:N,C:99:_:D,Undirected,223,,1,H:SC_SC,2.855,144.97,ND2,OD2,A:102:_:N,,,,1,0
A:103:_:F,A:107:_:G,Undirected,224,,1,H:MC_MC,3.286,156.167,O,N,A:107:_:G,,,,1,0
A:103:_:F,A:141:_:L,Undirected,225,,1,V:SC_SC,2.927,,CE2,HB2,,,,,1,0
A:103:_:F,A:142:_:A,Undirected,226,,1,V:SC_SC,2.377,,HD2,HB1,,,,,1,0
A:103:_:F,A:201:_:LIG,Undirected,227,,2,V:SC_LIG,2.923,89.168,HD1,CHC,,,,"T,Θ 53.86,γ 89.17,δ 11.78",1,1
A:104:_:R,A:108:_:N,Undirected,229,,1,H:MC_MC,3.125,151.185,O,N,A:108:_:N,,,,1,0
A:105:_:L,A:109:_:V,Undirected,230,,1,H:MC_MC,3.003,160.036,O,N,A:109:_:V,,,,1,0
A:106:_:L,A:110:_:L,Undirected,231,,2,V:MC_SC,2.916,155.16,C,H,A:110:_:L,,,,1,1
A:107:_:G,A:111:_:V,Undirected,233,,2,V:MC_SC,3.189,148.089,O,CG2,A:111:_:V,,,,1,1
A:108:_:N,A:112:_:C,Undirected,235,,1,H:MC_MC,2.988,167.343,O,N,A:112:_:C,,,,1,0
A:109:_:V,A:113:_:V,Undirected,236,,1,H:MC_MC,2.962,164.705,O,N,A:113:_:V,,,,1,0
A:110:_:L,A:114:_:L,Undirected,237,,2,V:MC_MC,3.061,162.622,O,N,A:114:_:L,,,,1,1
A:111:_:V,A:115:_:A,Undirected,239,,1,H:MC_MC,2.867,163.62,O,N,A:115:_:A,,,,1,0
A:111:_:V,A:131:_:Q,Undirected,240,,1,V:SC_SC,2.415,,HG23,HE21,,,,,1,0
A:112:_:C,A:115:_:A,Undirected,241,,1,V:MC_SC,2.892,,C,H,,,,,1,0
A:112:_:C,A:116:_:H,Undirected,242,,2,V:MC_SC,2.889,150.376,C,H,A:116:_:H,,,,1,1
A:112:_:C,D:112:_:C,Undirected,244,,2,V:SC_MC,3.325,110.623,SG,N,,,,,1,1
A:114:_:L,A:117:_:H,Undirected,246,,2,V:MC_SC,2.877,147.089,C,H,A:117:_:H,,,,1,1
A:114:_:L,A:118:_:F,Undirected,248,,2,V:MC_SC,2.708,164.006,O,HD1,A:118:_:F,,,,1,1
A:114:_:L,A:130:_:Y,Undirected,250,,1,V:SC_SC,2.885,,HD11,CD2,,,,,1,0
A:116:_:H,D:119:_:G,Undirected,251,,1,H:SC_MC,2.364,143.876,NE2,O,A:116:_:H,,,,1,0
A:116:_:H,D:122:_:F,Undirected,252,,1,PP:SC_SC,6.007,54.445,"8.711,17.764,-3.302","5.579,12.764,-2.173",,,,"T,Θ 19.77,γ 54.44,δ 65.18",1,0
A:118:_:F,A:121:_:E,Undirected,253,,3,V:SC_SC,2.873,133.206,HD2,CD,A:121:_:E,,,,1,2
A:119:_:G,A:122:_:F,Undirected,256,,1,H:MC_MC,2.987,142.71,O,N,A:122:_:F,,,,1,0
A:119:_:G,D:116:_:H,Undirected,257,,2,V:MC_SC,3.374,,C,CD2,,,,,1,1
A:122:_:F,A:127:_:Q,Undirected,259,,1,V:SC_SC,2.929,,CD2,HB2,,,,,1,0
A:122:_:F,A:130:_:Y,Undirected,260,,1,PP:SC_SC,6.443,36.882,"18.387,11.940,-2.046","22.595,14.431,2.149",,,,"I,Θ 15.16,γ 36.88,δ 45.56",1,0
A:122:_:F,D:30:_:R,Undirected,261,,2,H:MC_SC,2.893,139.216,O,NH2,D:30:_:R,,,,1,1
A:123:_:T,A:126:_:V,Undirected,263,,4,V:SC_SC,2.9,149.832,HG1,CB,A:126:_:V,,,,1,3
A:123:_:T,A:127:_:Q,Undirected,267,,1,H:MC_MC,2.955,159.977,O,N,A:127:_:Q,,,,1,0
A:123:_:T,D:30:_:R,Undirected,268,,1,V:SC_SC,2.4,,HA,HH22,,,,,1,0
A:124:_:P,A:128:_:A,Undirected,269,,1,H:MC_MC,3.021,149.428,O,N,A:128:_:A,,,,1,0
A:124:_:P,D:30:_:R,Undirected,270,,1,V:SC_SC,2.398,,HB3,HG3,,,,,1,0
A:125:_:P,A:129:_:A,Undirected,271,,2,V:MC_MC,3.048,155.438,O,N,A:129:_:A,,,,1,1
A:126:_:V,A:130:_:Y,Undirected,273,,1,H:MC_MC,2.904,163.836,O,N,A:130:_:Y,,,,1,0
A:127:_:Q,A:131:_:Q,Undirected,274,,3,V:MC_SC,2.921,143.883,C,H,A:131:_:Q,,,,1,2
A:127:_:Q,D:30:_:R,Undirected,277,,1,H:SC_SC,2.963,160.46,OE1,NH1,D:30:_:R,,,,1,0
A:128:_:A,A:132:_:K,Undirected,278,,1,H:MC_MC,2.97,148.331,O,N,A:132:_:K,,,,1,0
A:128:_:A,D:33:_:V,Undirected,279,,1,V:SC_SC,2.401,,HB1,HG12,,,,,1,0
A:129:_:A,A:133:_:V,Undirected,280,,1,H:MC_MC,3.178,142.672,O,N,A:133:_:V,,,,1,0
A:130:_:Y,A:134:_:V,Undirected,281,,2,V:MC_MC,3.068,178.385,O,N,A:134:_:V,,,,1,1
A:131:_:Q,A:135:_:A,Undirected,283,,1,H:MC_MC,3.202,155.03,O,N,A:135:_:A,,,,1,0
A:132:_:K,A:136:_:G,Undirected,284,,1,H:MC_MC,3.141,150.227,O,N,A:136:_:G,,,,1,0
A:133:_:V,A:137:_:V,Undirected,285,,1,H:MC_MC,3,165.856,O,N,A:137:_:V,,,,1,0
A:134:_:V,A:138:_:A,Undirected,286,,1,H:MC_MC,2.92,142.231,O,N,A:138:_:A,,,,1,0
A:135:_:A,A:138:_:A,Undirected,287,,1,V:MC_SC,2.711,,O,HB2,,,,,1,0
A:135:_:A,A:139:_:N,Undirected,288,,2,V:MC_SC,2.706,161.38,O,HB2,A:139:_:N,,,,1,1
A:136:_:G,A:139:_:N,Undirected,290,,1,V:MC_SC,2.71,,O,HB3,,,,,1,0
A:136:_:G,A:140:_:A,Undirected,291,,1,H:MC_MC,2.994,156.396,O,N,A:140:_:A,,,,1,0
A:137:_:V,A:141:_:L,Undirected,292,,1,H:MC_MC,2.827,173.2,O,N,A:141:_:L,,,,1,0
A:138:_:A,A:142:_:A,Undirected,293,,1,H:MC_MC,3.022,142.308,O,N,A:142:_:A,,,,1,0
A:140:_:A,A:143:_:H,Undirected,294,,2,V:MC_SC,2.881,150.105,C,H,A:143:_:H,,,,1,1
A:141:_:L,A:201:_:LIG,Undirected,296,,2,V:SC_LIG,2.875,,HD12,CBB,,,,,1,1
A:142:_:A,A:145:_:Y,Undirected,298,,2,V:MC_MC,3.072,144.653,O,N,A:145:_:Y,,,,1,1
A:143:_:H,A:146:_:H,Undirected,300,,3,V:MC_MC,3.072,162.885,O,N,A:146:_:H,,,"T,Θ 30.88,γ 88.23,δ 22.17",1,2
A:145:_:Y,C:37:_:W,Undirected,303,,4,V:SC_SC,2.914,73.525,CZ,HE3,,,,"T,Θ 65.47,γ 73.52,δ 16.21",1,3
A:146:_:H,B:1:_:V,Undirected,307,,2,V:MC_MC,3.19,,OXT,CA,,,,,1,1
A:146:_:H,B:2:_:H,Undirected,309,,2,V:MC_SC,2.722,170.983,OXT,H,B:2:_:H,,,,1,1
A:146:_:H,B:132:_:K,Undirected,311,,1,V:MC_SC,2.703,,O,HD3,,,,,1,0
B:1:_:V,B:81:_:L,Undirected,312,,1,V:SC_SC,3.394,,CG2,CD1,,,,,1,0
B:2:_:H,B:132:_:K,Undirected,313,,1,H:MC_SC,2.991,153.056,O,NZ,B:132:_:K,,,,1,0
B:4:_:T,B:7:_:E,Undirected,314,,7,V:SC_SC,3.213,111.73,OG1,CB,B:7:_:E,,,,1,6
B:4:_:T,B:8:_:K,Undirected,321,,1,H:MC_MC,3.028,171.136,O,N,B:8:_:K,,,,1,0
B:5:_:P,B:8:_:K,Undirected,322,,1,V:SC_SC,2.391,,HA,HG2,,,,,1,0
B:5:_:P,B:9:_:S,Undirected,323,,1,H:MC_MC,3.262,168.998,O,N,B:9:_:S,,,,1,0
B:6:_:E,B:10:_:A,Undirected,324,,1,H:MC_MC,3.319,170.039,O,N,B:10:_:A,,,,1,0
B:7:_:E,B:11:_:V,Undirected,325,,1,H:MC_MC,2.967,153.321,O,N,B:11:_:V,,,,1,0
B:7:_:E,B:132:_:K,Undirected,326,,2,H:SC_SC,3.168,138.809,OE2,NZ,B:132:_:K,B:132:_:K,,,1,1
B:8:_:K,B:12:_:T,Undirected,328,,2,H:MC_MC,2.721,169.661,O,N,B:12:_:T,,,,1,1
B:9:_:S,B:13:_:A,Undirected,330,,2,V:MC_SC,2.747,155.96,O,HB1,B:13:_:A,,,,1,1
B:10:_:A,B:14:_:L,Undirected,332,,1,H:MC_MC,3.151,155.914,O,N,B:14:_:L,,,,1,0
B:11:_:V,B:15:_:W,Undirected,333,,1,H:MC_MC,2.891,151.679,O,N,B:15:_:W,,,,1,0
B:11:_:V,B:130:_:Y,Undirected,334,,1,H:MC_SC,2.725,141.202,O,OH,B:130:_:Y,,,,1,0
B:12:_:T,B:16:_:G,Undirected,335,,1,H:MC_MC,2.971,162.295,O,N,B:16:_:G,,,,1,0
B:14:_:L,B:17:_:K,Undirected,336,,2,V:MC_SC,2.888,151.436,C,H,B:17:_:K,,,,1,1
B:14:_:L,B:118:_:F,Undirected,338,,1,V:SC_SC,3.413,,CD2,CE2,,,,,1,0
B:14:_:L,B:126:_:V,Undirected,339,,1,V:SC_SC,2.879,,CD1,HG11,,,,,1,0
B:15:_:W,B:18:_:V,Undirected,340,,3,V:MC_MC,3.051,151.956,O,N,B:18:_:V,,,,1,2
B:15:_:W,B:68:_:L,Undirected,343,,1,V:SC_SC,2.872,,HH2,CD1,,,,,1,0
B:15:_:W,B:72:_:S,Undirected,344,,2,V:SC_SC,2.743,142.785,HZ2,OG,B:15:_:W,,,,1,1
B:15:_:W,B:130:_:Y,Undirected,346,,1,PP:SC_SC,6.05,36.364,"25.425,-12.085,30.950","21.594,-7.700,32.592",,,,"I,Θ 23.79,γ 36.36,δ 17.29",1,0
B:17:_:K,B:121:_:E,Undirected,347,,4,V:SC_SC,2.916,150.521,HZ1,CD,B:17:_:K,B:17:_:K,,,1,3
B:18:_:V,B:68:_:L,Undirected,351,,1,V:SC_SC,2.378,,HG11,HD23,,,,,1,0
B:19:_:N,B:22:_:E,Undirected,352,,2,V:SC_SC,3.277,161.329,ND2,CD,B:22:_:E,,,,1,1
B:19:_:N,B:23:_:V,Undirected,354,,1,H:MC_MC,3.123,166.819,O,N,B:23:_:V,,,,1,0
B:20:_:V,B:68:_:L,Undirected,355,,1,V:SC_SC,2.388,,HG12,HD22,,,,,1,0
B:22:_:E,B:26:_:E,Undirected,356,,1,H:MC_MC,2.901,152.349,O,N,B:26:_:E,,,,1,0
B:23:_:V,B:27:_:A,Undirected,357,,1,H:MC_MC,2.956,152.446,O,N,B:27:_:A,,,,1,0
B:23:_:V,B:113:_:V,Undirected,358,,1,V:SC_SC,2.892,,HG13,CG1,,,,,1,0
B:24:_:G,B:28:_:L,Undirected,359,,1,H:MC_MC,2.942,169.528,O,N,B:28:_:L,,,,1,0
B:24:_:G,B:64:_:G,Undirected,360,,1,V:MC_MC,3.398,,C,CA,,,,,1,0
B:24:_:G,B:68:_:L,Undirected,361,,2,V:MC_SC,2.92,,CA,HB3,,,,,1,1
B:25:_:G,B:29:_:G,Undirected,363,,1,H:MC_MC,2.921,139.207,O,N,B:29:_:G,,,,1,0
B:25:_:G,B:61:_:K,Undirected,364,,1,V:SC_SC,2.392,,HA3,HA,,,,,1,0
B:25:_:G,B:64:_:G,Undirected,365,,1,V:MC_SC,2.888,,CA,HA3,,,,,1,0
B:26:_:E,B:30:_:R,Undirected,366,,3,V:SC_SC,2.873,148.295,CD,HE,B:30:_:R,,,,1,2
B:26:_:E,B:55:_:M,Undirected,369,,1,V:SC_SC,2.712,,OE2,HE2,,,,,1,0
B:27:_:A,B:31:_:L,Undirected,370,,1,H:MC_MC,2.803,166.19,O,N,B:31:_:L,,,,1,0
B:28:_:L,B:32:_:L,Undirected,371,,2,V:MC_MC,3.073,153.747,O,N,B:32:_:L,,,,1,1
B:28:_:L,B:63:_:H,Undirected,373,,1,V:SC_SC,2.888,,CD2,HB3,,,,,1,0
B:29:_:G,B:32:_:L,Undirected,374,,1,V:MC_SC,2.887,,C,H,,,,,1,0
B:29:_:G,B:33:_:V,Undirected,375,,1,H:MC_MC,2.941,153.541,O,N,B:33:_:V,,,,1,0
B:30:_:R,B:33:_:V,Undirected,376,,1,V:MC_SC,2.701,,O,H,,,,,1,0
B:30:_:R,B:34:_:V,Undirected,377,,2,V:MC_SC,3.231,159.278,O,CB,B:34:_:V,,,,1,1
B:30:_:R,B:116:_:H,Undirected,379,,1,PC:SC_SC,4.802,23.543,CZ,"11.499,-18.662,31.621",,,B:30:_:R,"I,α 23.54,γ 51.10",1,0
B:30:_:R,C:122:_:F,Undirected,380,,2,H:SC_MC,3.103,134.792,NH1,O,B:30:_:R,,,,1,1
B:30:_:R,C:127:_:Q,Undirected,382,,1,H:SC_SC,2.532,146.053,NH1,OE1,B:30:_:R,,,,1,0
B:31:_:L,B:35:_:Y,Undirected,383,,1,H:MC_MC,2.846,155.906,O,N,B:35:_:Y,,,,1,0
B:31:_:L,B:38:_:T,Undirected,384,,2,V:SC_SC,2.741,,HG,OG1,,,,,1,1
B:32:_:L,B:38:_:T,Undirected,386,,1,V:SC_SC,2.694,,HA,OG1,,,,,1,0
B:32:_:L,B:39:_:Q,Undirected,387,,2,V:SC_SC,2.405,175.199,HD21,HA,B:39:_:Q,,,,1,1
B:32:_:L,B:54:_:V,Undirected,389,,1,V:SC_SC,2.391,,HB3,HG11,,,,,1,0
B:33:_:V,C:128:_:A,Undirected,390,,1,V:SC_SC,2.385,,HG12,HB1,,,,,1,0
B:35:_:Y,B:38:_:T,Undirected,391,,2,H:MC_MC,3.108,156.129,O,N,B:38:_:T,,,,1,1
B:35:_:Y,B:105:_:L,Undirected,393,,2,V:SC_SC,2.919,,CD2,HD13,,,,,1,1
B:35:_:Y,C:131:_:Q,Undirected,395,,1,V:SC_SC,2.884,,HH,CD,,,,,1,0
B:36:_:P,B:39:_:Q,Undirected,396,,3,V:MC_SC,3.201,151.298,O,CB,B:39:_:Q,,,,1,2
B:37:_:W,B:40:_:R,Undirected,399,,4,V:MC_SC,3.209,153.47,O,CD,B:40:_:R,,,,1,3
B:37:_:W,B:102:_:N,Undirected,403,,2,V:SC_SC,3.073,155.726,NE1,OD1,B:37:_:W,,,,1,1
B:37:_:W,D:97:_:H,Undirected,405,,1,V:SC_SC,2.9,,HA,CB,,,,,1,0
B:37:_:W,D:100:_:P,Undirected,406,,1,V:SC_SC,2.898,,CH2,HG2,,,,,1,0
B:37:_:W,D:145:_:Y,Undirected,407,,4,V:SC_SC,3.426,71.947,CE3,CZ,,,,"T,Θ 13.21,γ 71.95,δ 61.91",1,3
B:38:_:T,B:41:_:F,Undirected,411,,2,V:SC_SC,2.419,157.494,HA,HD2,B:41:_:F,,,,1,1
B:39:_:Q,B:42:_:F,Undirected,413,,2,V:MC_SC,2.909,161.184,C,H,B:42:_:F,,,,1,1
B:40:_:R,B:99:_:D,Undirected,415,,2,V:SC_SC,2.745,138.322,HH22,OD2,B:40:_:R,,,,1,1
B:40:_:R,D:41:_:F,Undirected,417,,1,V:SC_SC,3.276,,NH1,CZ,,,,,1,0
B:40:_:R,D:99:_:D,Undirected,418,,3,V:SC_SC,3.244,135.711,NH2,CG,B:40:_:R,B:40:_:R,,,1,2
B:41:_:F,B:96:_:L,Undirected,421,,1,V:SC_MC,2.742,,HE1,O,,,,,1,0
B:41:_:F,B:201:_:LIG,Undirected,422,,1,PP:SC_SC,6.475,88.784,"19.761,-13.832,8.714","22.607,-13.135,14.488",,,,"T,Θ 68.14,γ 88.78,δ 15.75",1,0
B:41:_:F,D:40:_:R,Undirected,423,,1,PC:SC_SC,4.958,44.711,"19.761,-13.832,8.714",CZ,,,D:40:_:R,"I,α 44.71,γ 32.01",1,0
B:42:_:F,B:45:_:F,Undirected,424,,2,H:MC_MC,3.157,144.085,O,N,B:45:_:F,,,"T,Θ 14.62,γ 57.31,δ 64.01",1,1
B:42:_:F,B:63:_:H,Undirected,426,,2,V:SC_SC,2.92,57.58,HE1,CD2,,,,"T,Θ 38.77,γ 57.58,δ 11.54",1,1
B:42:_:F,B:201:_:LIG,Undirected,428,,1,PP:SC_SC,5.857,20.591,"20.956,-18.639,13.359","22.607,-13.135,14.488",,,,"P,Θ 41.74,γ 20.59,δ 21.15",1,0
B:44:_:S,B:59:_:K,Undirected,429,,1,H:MC_SC,2.962,109.128,O,NZ,B:59:_:K,,,,1,0
B:45:_:F,B:57:_:N,Undirected,430,,1,H:MC_SC,2.585,160.389,O,ND2,B:57:_:N,,,,1,0
B:45:_:F,B:63:_:H,Undirected,431,,1,PP:SC_SC,5.798,77.361,"23.258,-23.222,13.477","25.763,-19.082,16.672",,,,"T,Θ 5.34,γ 77.36,δ 56.35",1,0
B:47:_:D,B:53:_:A,Undirected,432,,1,V:SC_SC,2.736,,OD2,HB1,,,,,1,0
B:48:_:L,B:54:_:V,Undirected,433,,1,V:SC_SC,2.386,,HD21,HG21,,,,,1,0
B:50:_:T,B:53:_:A,Undirected,434,,1,H:SC_MC,2.716,151.496,OG1,N,B:53:_:A,,,,1,0
B:50:_:T,B:54:_:V,Undirected,435,,1,H:MC_MC,2.962,171.788,O,N,B:54:_:V,,,,1,0
B:51:_:P,B:55:_:M,Undirected,436,,1,H:MC_MC,2.827,173.158,O,N,B:55:_:M,,,,1,0
B:52:_:D,B:56:_:G,Undirected,437,,1,H:MC_MC,2.977,147.655,O,N,B:56:_:G,,,,1,0
B:53:_:A,B:57:_:N,Undirected,438,,1,H:MC_MC,2.803,150.754,O,N,B:57:_:N,,,,1,0
B:56:_:G,B:61:_:K,Undirected,439,,1,H:MC_SC,2.982,126.204,O,NZ,B:61:_:K,,,,1,0
B:57:_:N,B:60:_:V,Undirected,440,,4,V:SC_SC,2.908,129.792,CG,HG22,B:60:_:V,,,,1,3
B:57:_:N,B:61:_:K,Undirected,444,,1,H:MC_MC,3.343,148.658,O,N,B:61:_:K,,,,1,0
B:58:_:P,B:61:_:K,Undirected,445,,1,V:MC_SC,2.697,,O,H,,,,,1,0
B:58:_:P,B:62:_:A,Undirected,446,,1,H:MC_MC,2.796,161.684,O,N,B:62:_:A,,,,1,0
B:59:_:K,B:63:_:H,Undirected,447,,2,V:MC_SC,3.236,150.616,O,CB,B:63:_:H,,,,1,1
B:60:_:V,B:64:_:G,Undirected,449,,1,H:MC_MC,2.969,152.588,O,N,B:64:_:G,,,,1,0
B:61:_:K,B:65:_:K,Undirected,450,,1,H:MC_MC,3.236,146.676,O,N,B:65:_:K,,,,1,0
B:63:_:H,B:66:_:K,Undirected,451,,1,V:MC_MC,3.054,,O,N,,,,,1,0
B:63:_:H,B:67:_:V,Undirected,452,,1,H:MC_MC,2.874,164.535,O,N,B:67:_:V,,,,1,0
B:63:_:H,B:201:_:LIG,Undirected,453,,3,V:SC_LIG,3.386,85.87,CE1,CHA,,,,"T,Θ 21.14,γ 85.87,δ 63.56",1,2
B:64:_:G,B:68:_:L,Undirected,456,,2,V:MC_SC,2.724,156.034,O,HB3,B:68:_:L,,,,1,1
B:65:_:K,B:69:_:G,Undirected,458,,1,H:MC_MC,2.951,156.498,O,N,B:69:_:G,,,,1,0
B:66:_:K,B:70:_:A,Undirected,459,,1,H:MC_MC,3.297,148.401,O,N,B:70:_:A,,,,1,0
B:67:_:V,B:71:_:F,Undirected,460,,1,H:MC_MC,3.151,166.653,O,N,B:71:_:F,,,,1,0
B:68:_:L,B:72:_:S,Undirected,461,,1,H:MC_MC,3.03,158.317,O,N,B:72:_:S,,,,1,0
B:69:_:G,B:73:_:D,Undirected,462,,1,H:MC_MC,2.966,144.748,O,N,B:73:_:D,,,,1,0
B:70:_:A,B:74:_:G,Undirected,463,,1,H:MC_MC,2.835,154.553,O,N,B:74:_:G,,,,1,0
B:71:_:F,B:74:_:G,Undirected,464,,1,V:MC_SC,2.924,,C,H,,,,,1,0
B:71:_:F,B:75:_:L,Undirected,465,,1,H:MC_MC,2.775,169.447,O,N,B:75:_:L,,,,1,0
B:71:_:F,B:201:_:LIG,Undirected,466,,1,V:SC_LIG,2.914,,CZ,HAB,,,,,1,0
B:72:_:S,B:76:_:A,Undirected,467,,1,H:MC_MC,3.153,140.56,O,N,B:76:_:A,,,,1,0
B:73:_:D,B:77:_:H,Undirected,468,,1,H:MC_SC,2.925,139.237,O,ND1,B:77:_:H,,,,1,0
B:74:_:G,B:77:_:H,Undirected,469,,1,H:MC_MC,2.879,151.989,O,N,B:77:_:H,,,,1,0
B:75:_:L,B:78:_:L,Undirected,470,,1,V:SC_SC,2.399,,HD22,HD11,,,,,1,0
B:77:_:H,B:80:_:N,Undirected,471,,2,V:MC_MC,3.192,149.766,O,C,B:80:_:N,,,,1,1
B:78:_:L,B:133:_:V,Undirected,473,,1,V:SC_SC,2.385,,HD23,HG21,,,,,1,0
B:80:_:N,B:84:_:T,Undirected,474,,2,V:MC_SC,3.211,141.077,O,CB,B:84:_:T,,,,1,1
B:81:_:L,B:85:_:F,Undirected,476,,1,H:MC_MC,3.117,144.221,O,N,B:85:_:F,,,,1,0
B:82:_:K,B:85:_:F,Undirected,477,,1,V:MC_SC,2.919,,C,H,,,,,1,0
B:82:_:K,B:143:_:H,Undirected,478,,1,V:SC_SC,2.731,,NZ,HE1,,,,,1,0
B:83:_:G,B:86:_:A,Undirected,479,,1,H:MC_MC,3.393,160.746,O,N,B:86:_:A,,,,1,0
B:85:_:F,B:89:_:S,Undirected,480,,2,V:MC_SC,3.214,155.823,O,CB,B:89:_:S,,,,1,1
B:86:_:A,B:90:_:E,Undirected,482,,1,H:MC_MC,3.008,161.823,O,N,B:90:_:E,,,,1,0
B:87:_:T,B:90:_:E,Undirected,483,,1,V:MC_SC,2.723,,O,HB3,,,,,1,0
B:87:_:T,B:91:_:L,Undirected,484,,1,H:MC_MC,2.96,153.199,O,N,B:91:_:L,,,,1,0
B:88:_:L,B:91:_:L,Undirected,485,,1,V:MC_MC,3.091,,O,N,,,,,1,0
B:88:_:L,B:92:_:H,Undirected,486,,3,V:MC_SC,2.904,175.621,C,H,B:92:_:H,,,,1,2
B:88:_:L,B:141:_:L,Undirected,489,,3,V:SC_SC,2.921,,CB,HD23,,,,,1,2
B:88:_:L,B:201:_:LIG,Undirected,492,,3,V:SC_LIG,2.915,,HD21,C3A,,,,,1,2
B:89:_:S,B:93:_:C,Undirected,495,,3,V:MC_SC,3.321,146.708,O,SG,B:93:_:C,,,,1,2
B:89:_:S,B:141:_:L,Undirected,498,,1,V:SC_MC,2.706,,HA,O,,,,,1,0
B:89:_:S,B:144:_:K,Undirected,499,,2,V:SC_MC,2.741,160.187,HG,N,B:144:_:K,,,,1,1
B:90:_:E,B:94:_:D,Undirected,501,,2,V:SC_SC,2.746,129.549,HG3,OD2,B:94:_:D,,,,1,1
B:90:_:E,B:95:_:K,Undirected,503,,1,H:MC_MC,3.357,160.502,O,N,B:95:_:K,,,,1,0
B:91:_:L,B:95:_:K,Undirected,504,,4,V:MC_SC,3.21,121.042,O,CB,B:95:_:K,,,,1,3
B:91:_:L,B:96:_:L,Undirected,508,,1,H:MC_MC,2.948,159.162,O,N,B:96:_:L,,,,1,0
B:92:_:H,B:96:_:L,Undirected,509,,1,V:MC_SC,2.733,,O,HB3,,,,,1,0
B:92:_:H,B:97:_:H,Undirected,510,,1,V:MC_MC,3.043,,O,N,,,,,1,0
B:92:_:H,B:98:_:V,Undirected,511,,1,H:MC_MC,3.017,174.295,O,N,B:98:_:V,,,,1,0
B:92:_:H,B:103:_:F,Undirected,512,,2,V:SC_SC,2.91,79.487,CB,HZ,,,,"T,Θ 43.38,γ 79.49,δ 33.95",1,1
B:92:_:H,B:201:_:LIG,Undirected,514,,3,V:SC_LIG,3.111,88.786,NE2,NC,,,,"T,Θ 7.20,γ 88.79,δ 41.49",1,2
B:93:_:C,B:97:_:H,Undirected,517,,2,V:MC_SC,2.713,130.921,O,HA,B:97:_:H,,,,1,1
B:93:_:C,B:145:_:Y,Undirected,519,,1,V:SC_SC,3.512,,SG,CD2,,,,,1,0
B:94:_:D,B:144:_:K,Undirected,520,,1,V:SC_SC,2.894,,HD2,CD,,,,,1,0
B:96:_:L,B:201:_:LIG,Undirected,521,,1,V:SC_LIG,2.886,,HD13,CMD,,,,,1,0
B:97:_:H,D:37:_:W,Undirected,522,,1,V:SC_MC,2.906,,HB3,CA,,,,,1,0
B:98:_:V,B:103:_:F,Undirected,523,,1,V:SC_SC,2.408,,HG11,HE1,,,,,1,0
B:99:_:D,B:102:_:N,Undirected,524,,2,V:MC_SC,2.709,129.994,O,HB2,B:102:_:N,,,,1,1
B:99:_:D,D:99:_:D,Undirected,526,,3,V:SC_SC,3.249,,CG,OD2,,,,,1,2
B:99:_:D,D:102:_:N,Undirected,529,,1,H:SC_SC,2.883,154.85,OD2,ND2,D:102:_:N,,,,1,0
B:100:_:P,B:103:_:F,Undirected,530,,1,H:MC_MC,2.886,141.91,O,N,B:103:_:F,,,,1,0
B:101:_:E,B:104:_:R,Undirected,531,,3,V:MC_SC,3.233,116.315,CA,NH1,B:104:_:R,,,,1,2
B:101:_:E,B:105:_:L,Undirected,534,,1,H:MC_MC,2.919,160.065,O,N,B:105:_:L,,,,1,0
B:102:_:N,B:106:_:L,Undirected,535,,2,V:MC_MC,3.057,158.717,O,N,B:106:_:L,,,,1,1
B:102:_:N,B:201:_:LIG,Undirected,537,,1,V:SC_LIG,2.922,,CB,HMCA,,,,,1,0
B:102:_:N,D:99:_:D,Undirected,538,,1,H:SC_SC,2.861,139.042,ND2,OD2,B:102:_:N,,,,1,0
B:103:_:F,B:107:_:G,Undirected,539,,1,H:MC_MC,3.12,166.364,O,N,B:107:_:G,,,,1,0
B:103:_:F,B:138:_:A,Undirected,540,,1,V:SC_SC,3.416,,CB,CB,,,,,1,0
B:103:_:F,B:141:_:L,Undirected,541,,1,V:SC_SC,2.918,,CE2,HB2,,,,,1,0
B:103:_:F,B:201:_:LIG,Undirected,542,,3,V:SC_LIG,2.91,87.046,HD1,CMC,,,,"T,Θ 0.03,γ 87.05,δ 52.28",1,2
B:104:_:R,B:108:_:N,Undirected,545,,1,H:MC_MC,3.029,160.586,O,N,B:108:_:N,,,,1,0
B:105:_:L,B:109:_:V,Undirected,546,,1,H:MC_MC,2.738,168.87,O,N,B:109:_:V,,,,1,0
B:106:_:L,B:110:_:L,Undirected,547,,1,H:MC_MC,2.763,168.939,O,N,B:110:_:L,,,,1,0
B:107:_:G,B:111:_:V,Undirected,548,,2,V:MC_SC,2.738,159.966,O,HG22,B:111:_:V,,,,1,1
B:107:_:G,B:134:_:V,Undirected,550,,1,V:MC_SC,2.924,,CA,HB,,,,,1,0
B:108:_:N,B:112:_:C,Undirected,551,,1,H:MC_MC,3.308,163.853,O,N,B:112:_:C,,,,1,0
B:109:_:V,B:113:_:V,Undirected,552,,3,V:MC_SC,3.202,151.665,O,CG2,B:113:_:V,,,,1,2
B:110:_:L,B:113:_:V,Undirected,555,,1,V:MC_SC,2.707,,O,HB,,,,,1,0
B:110:_:L,B:114:_:L,Undirected,556,,1,H:MC_MC,3.026,159.358,O,N,B:114:_:L,,,,1,0
B:111:_:V,B:115:_:A,Undirected,557,,1,H:MC_MC,3.152,160.275,O,N,B:115:_:A,,,,1,0
B:111:_:V,B:130:_:Y,Undirected,558,,1,V:SC_SC,2.42,,HG21,HB3,,,,,1,0
B:111:_:V,C:112:_:C,Undirected,559,,1,V:SC_SC,2.388,,HG12,HG,,,,,1,0
B:112:_:C,B:116:_:H,Undirected,560,,1,H:MC_MC,2.826,148.719,O,N,B:116:_:H,,,,1,0
B:112:_:C,C:112:_:C,Undirected,561,,1,S:SC_SC,2.046,111.72,SG,SG,,,,,1,0
B:113:_:V,B:116:_:H,Undirected,562,,3,V:MC_MC,3.041,,O,N,,,,,1,2
B:113:_:V,B:117:_:H,Undirected,565,,4,V:MC_SC,3.243,150.44,O,CD2,B:117:_:H,,,,1,3
B:114:_:L,B:117:_:H,Undirected,569,,1,V:MC_SC,2.925,,C,H,,,,,1,0
B:114:_:L,B:118:_:F,Undirected,570,,2,V:MC_SC,2.734,146.205,O,HB2,B:118:_:F,,,,1,1
B:115:_:A,B:122:_:F,Undirected,572,,1,V:SC_SC,2.401,,HB1,HE2,,,,,1,0
B:115:_:A,C:116:_:H,Undirected,573,,1,V:SC_SC,2.395,,HB3,HB2,,,,,1,0
B:116:_:H,C:115:_:A,Undirected,574,,2,V:MC_MC,3.206,,CA,O,,,,,1,1
B:116:_:H,C:119:_:G,Undirected,576,,2,V:SC_SC,2.759,145.346,NE2,HA2,B:116:_:H,,,,1,1
B:116:_:H,C:122:_:F,Undirected,578,,1,PP:SC_SC,6.358,46.458,"11.499,-18.662,31.621","6.456,-16.007,28.804",,,,"I,Θ 20.11,γ 46.46,δ 48.39",1,0
B:119:_:G,B:122:_:F,Undirected,579,,1,H:MC_MC,2.583,140.438,O,N,B:122:_:F,,,,1,0
B:119:_:G,C:116:_:H,Undirected,580,,1,H:MC_SC,3.036,159.804,O,NE2,C:116:_:H,,,,1,0
B:122:_:F,B:130:_:Y,Undirected,581,,1,PP:SC_SC,6.467,18.134,"15.484,-8.794,34.407","21.594,-7.700,32.592",,,,"P,Θ 37.15,γ 18.13,δ 19.20",1,0
B:122:_:F,C:30:_:R,Undirected,582,,2,H:MC_SC,3.222,138.57,O,NH1,C:30:_:R,,,,1,1
B:122:_:F,C:116:_:H,Undirected,584,,1,PP:SC_SC,5.949,43.368,"15.484,-8.794,34.407","10.728,-10.534,37.527",,,,"I,Θ 44.20,γ 43.37,δ 19.72",1,0
B:123:_:T,B:126:_:V,Undirected,585,,1,H:SC_MC,3.418,156.728,OG1,N,B:126:_:V,,,,1,0
B:123:_:T,B:127:_:Q,Undirected,586,,1,H:MC_MC,2.985,172.225,O,N,B:127:_:Q,,,,1,0
B:123:_:T,C:30:_:R,Undirected,587,,1,V:MC_SC,2.925,,C,HH11,,,,,1,0
B:124:_:P,B:128:_:A,Undirected,588,,1,H:MC_MC,2.814,161.564,O,N,B:128:_:A,,,,1,0
B:124:_:P,C:55:_:M,Undirected,589,,3,V:SC_SC,2.915,,HG2,CG,,,,,1,2
B:125:_:P,B:129:_:A,Undirected,592,,1,H:MC_MC,2.887,163.671,O,N,B:129:_:A,,,,1,0
B:125:_:P,C:51:_:P,Undirected,593,,1,V:SC_SC,2.904,,HG3,CB,,,,,1,0
B:126:_:V,B:130:_:Y,Undirected,594,,2,V:SC_SC,3.423,165.777,CG1,CE2,B:130:_:Y,,,,1,1
B:127:_:Q,B:131:_:Q,Undirected,596,,1,H:MC_MC,3.026,157.709,O,N,B:131:_:Q,,,,1,0
B:127:_:Q,C:30:_:R,Undirected,597,,2,V:SC_SC,3.25,157.023,OE1,CD,C:30:_:R,,,,1,1
B:128:_:A,B:131:_:Q,Undirected,599,,1,V:MC_SC,2.733,,O,H,,,,,1,0
B:128:_:A,B:132:_:K,Undirected,600,,1,H:MC_MC,3.102,173.125,O,N,B:132:_:K,,,,1,0
B:128:_:A,C:34:_:V,Undirected,601,,2,V:SC_SC,2.927,,CB,HA,,,,,1,1
B:129:_:A,B:133:_:V,Undirected,603,,1,H:MC_MC,2.999,165.432,O,N,B:133:_:V,,,,1,0
B:130:_:Y,B:134:_:V,Undirected,604,,1,H:MC_MC,2.82,170.013,O,N,B:134:_:V,,,,1,0
B:131:_:Q,B:134:_:V,Undirected,605,,2,V:MC_SC,2.876,,C,HG21,,,,,1,1
B:131:_:Q,B:135:_:A,Undirected,607,,1,H:MC_MC,2.824,160.903,O,N,B:135:_:A,,,,1,0
B:131:_:Q,C:35:_:Y,Undirected,608,,1,V:SC_SC,2.874,,CG,HH,,,,,1,0
B:132:_:K,B:136:_:G,Undirected,609,,1,H:MC_MC,2.844,157.983,O,N,B:136:_:G,,,,1,0
B:133:_:V,B:136:_:G,Undirected,610,,1,V:MC_MC,3.052,,O,N,,,,,1,0
B:133:_:V,B:137:_:V,Undirected,611,,1,H:MC_MC,2.878,159.935,O,N,B:137:_:V,,,,1,0
B:134:_:V,B:138:_:A,Undirected,612,,1,H:MC_MC,3.026,153.103,O,N,B:138:_:A,,,,1,0
B:135:_:A,B:139:_:N,Undirected,613,,1,H:MC_MC,3.027,151.877,O,N,B:139:_:N,,,,1,0
B:136:_:G,B:140:_:A,Undirected,614,,1,H:MC_MC,2.967,157.098,O,N,B:140:_:A,,,,1,0
B:137:_:V,B:140:_:A,Undirected,615,,1,V:MC_SC,2.928,,C,H,,,,,1,0
B:137:_:V,B:141:_:L,Undirected,616,,1,H:MC_MC,2.911,163.464,O,N,B:141:_:L,,,,1,0
B:138:_:A,B:142:_:A,Undirected,617,,1,H:MC_MC,2.984,149.012,O,N,B:142:_:A,,,,1,0
B:140:_:A,B:143:_:H,Undirected,618,,1,H:MC_MC,2.999,150.688,O,N,B:143:_:H,,,,1,0
B:141:_:L,B:201:_:LIG,Undirected,619,,1,V:SC_LIG,2.927,,HD11,C3B,,,,,1,0
B:142:_:A,B:145:_:Y,Undirected,620,,2,V:MC_SC,2.887,143.339,C,H,B:145:_:Y,,,,1,1
B:143:_:H,B:146:_:H,Undirected,622,,2,H:MC_MC,2.965,157.484,O,N,B:146:_:H,,,"T,Θ 27.72,γ 86.80,δ 23.45",1,1
B:145:_:Y,D:37:_:W,Undirected,624,,4,V:SC_SC,2.896,73.458,CD1,HE3,,,,"T,Θ 65.36,γ 73.46,δ 15.50",1,3
C:1:_:V,C:81:_:L,Undirected,628,,2,V:SC_SC,3.37,,CG2,CD1,,,,,1,1
C:2:_:H,C:132:_:K,Undirected,630,,1,H:MC_SC,3.275,152.536,O,NZ,C:132:_:K,,,,1,0
C:2:_:H,D:146:_:H,Undirected,631,,2,H:MC_MC,3.321,162.659,N,O,C:2:_:H,,,,1,1
C:4:_:T,C:7:_:E,Undirected,633,,6,V:MC_SC,3.242,179.227,O,CB,C:4:_:T,,,,1,5
C:4:_:T,C:8:_:K,Undirected,639,,1,H:MC_MC,2.737,158.219,O,N,C:8:_:K,,,,1,0
C:5:_:P,C:9:_:S,Undirected,640,,1,H:MC_MC,2.902,159.863,O,N,C:9:_:S,,,,1,0
C:6:_:E,C:10:_:A,Undirected,641,,1,H:MC_MC,2.888,152.32,O,N,C:10:_:A,,,,1,0
C:7:_:E,C:11:_:V,Undirected,642,,3,V:MC_SC,2.899,152.198,C,H,C:11:_:V,,,,1,2
C:7:_:E,C:129:_:A,Undirected,645,,1,V:SC_SC,2.389,,HB3,HB1,,,,,1,0
C:7:_:E,C:132:_:K,Undirected,646,,2,H:SC_SC,2.834,114.376,OE1,NZ,C:132:_:K,C:132:_:K,,,1,1
C:8:_:K,C:12:_:T,Undirected,648,,4,V:SC_SC,3.379,149.638,CD,CG2,C:12:_:T,,,,1,3
C:9:_:S,C:12:_:T,Undirected,652,,2,V:MC_SC,2.875,116.691,C,HG1,C:12:_:T,,,,1,1
C:9:_:S,C:13:_:A,Undirected,654,,1,H:MC_MC,3.187,165.039,O,N,C:13:_:A,,,,1,0
C:10:_:A,C:14:_:L,Undirected,655,,1,H:MC_MC,3.116,164.444,O,N,C:14:_:L,,,,1,0
C:11:_:V,C:15:_:W,Undirected,656,,2,V:MC_MC,3.071,172.167,O,N,C:15:_:W,,,,1,1
C:11:_:V,C:129:_:A,Undirected,658,,1,V:SC_SC,2.902,,CG2,HB3,,,,,1,0
C:11:_:V,C:130:_:Y,Undirected,659,,2,V:SC_SC,2.906,120.362,CG1,HH,C:130:_:Y,,,,1,1
C:12:_:T,C:16:_:G,Undirected,661,,1,H:MC_MC,2.92,170.76,O,N,C:16:_:G,,,,1,0
C:14:_:L,C:17:_:K,Undirected,662,,1,H:MC_MC,2.988,143.618,O,N,C:17:_:K,,,,1,0
C:15:_:W,C:18:_:V,Undirected,663,,2,V:SC_SC,2.925,164.0,HA,CG2,C:18:_:V,,,,1,1
C:15:_:W,C:72:_:S,Undirected,665,,2,V:SC_SC,2.92,167.757,HE1,CB,C:15:_:W,,,,1,1
C:15:_:W,C:130:_:Y,Undirected,667,,2,V:SC_SC,2.405,26.625,HB2,HH,,,,"P,Θ 22.14,γ 26.63,δ 11.69",1,1
C:17:_:K,C:118:_:F,Undirected,669,,1,V:SC_SC,2.882,,CB,HE1,,,,,1,0
C:17:_:K,C:121:_:E,Undirected,670,,2,H:SC_SC,2.94,147.983,NZ,OE1,C:17:_:K,C:17:_:K,,,1,1
C:19:_:N,C:22:_:E,Undirected,672,,6,V:SC_SC,3.234,161.504,CG,OE1,C:22:_:E,,,,1,5
C:19:_:N,C:23:_:V,Undirected,678,,1,H:MC_MC,3.023,170.509,O,N,C:23:_:V,,,,1,0
C:20:_:V,C:68:_:L,Undirected,679,,1,V:MC_SC,3.194,,O,CD2,,,,,1,0
C:21:_:D,C:65:_:K,Undirected,680,,1,H:MC_SC,3.287,156.884,O,NZ,C:65:_:K,,,,1,0
C:22:_:E,C:26:_:E,Undirected,681,,1,H:MC_MC,3.032,178.188,O,N,C:26:_:E,,,,1,0
C:23:_:V,C:26:_:E,Undirected,682,,1,V:MC_SC,2.728,,O,HB3,,,,,1,0
C:23:_:V,C:27:_:A,Undirected,683,,1,H:MC_MC,2.862,162.753,O,N,C:27:_:A,,,,1,0
C:24:_:G,C:28:_:L,Undirected,684,,1,H:MC_MC,3.15,163.149,O,N,C:28:_:L,,,,1,0
C:24:_:G,C:64:_:G,Undirected,685,,3,V:MC_MC,3.24,,CA,O,,,,,1,2
C:24:_:G,C:68:_:L,Undirected,688,,1,V:MC_SC,2.889,,CA,HD21,,,,,1,0
C:25:_:G,C:29:_:G,Undirected,689,,1,H:MC_MC,2.881,158.334,O,N,C:29:_:G,,,,1,0
C:26:_:E,C:30:_:R,Undirected,690,,1,H:MC_MC,2.941,161.672,O,N,C:30:_:R,,,,1,0
C:26:_:E,C:117:_:H,Undirected,691,,2,H:SC_SC,2.349,151.976,OE2,NE2,C:117:_:H,C:117:_:H,,,1,1
C:27:_:A,C:31:_:L,Undirected,693,,1,H:MC_MC,2.96,165.644,O,N,C:31:_:L,,,,1,0
C:28:_:L,C:32:_:L,Undirected,694,,1,H:MC_MC,3.153,155.788,O,N,C:32:_:L,,,,1,0
C:28:_:L,C:60:_:V,Undirected,695,,1,V:SC_SC,2.423,,HD22,HG13,,,,,1,0
C:28:_:L,C:63:_:H,Undirected,696,,1,V:SC_SC,2.385,,HD21,HD2,,,,,1,0
C:29:_:G,C:33:_:V,Undirected,697,,1,H:MC_MC,3.033,140.144,O,N,C:33:_:V,,,,1,0
C:30:_:R,C:33:_:V,Undirected,698,,1,H:MC_MC,3.02,122.803,O,N,C:33:_:V,,,,1,0
C:30:_:R,C:34:_:V,Undirected,699,,1,H:MC_MC,2.736,171.459,O,N,C:34:_:V,,,,1,0
C:30:_:R,C:116:_:H,Undirected,700,,1,PC:SC_SC,4.838,22.797,CZ,"10.728,-10.534,37.527",,,C:30:_:R,"I,α 22.80,γ 49.01",1,0
C:31:_:L,C:35:_:Y,Undirected,701,,1,H:MC_MC,2.857,144.262,O,N,C:35:_:Y,,,,1,0
C:32:_:L,C:39:_:Q,Undirected,702,,5,V:SC_MC,3.406,160.728,CD1,CA,C:39:_:Q,,,,1,4
C:35:_:Y,C:38:_:T,Undirected,707,,2,H:MC_MC,3.199,161.815,O,N,C:38:_:T,,,,1,1
C:36:_:P,C:39:_:Q,Undirected,709,,1,H:MC_MC,3.264,138.37,O,N,C:39:_:Q,,,,1,0
C:37:_:W,C:40:_:R,Undirected,710,,1,H:MC_MC,3.164,167.108,O,N,C:40:_:R,,,,1,0
C:37:_:W,C:102:_:N,Undirected,711,,1,H:SC_SC,2.95,147.223,NE1,OD1,C:37:_:W,,,,1,0
C:38:_:T,C:41:_:F,Undirected,712,,1,H:MC_MC,3.169,151.41,O,N,C:41:_:F,,,,1,0
C:38:_:T,C:42:_:F,Undirected,713,,1,V:MC_SC,2.724,,O,HD2,,,,,1,0
C:39:_:Q,C:42:_:F,Undirected,714,,1,H:MC_MC,3.176,164.624,O,N,C:42:_:F,,,,1,0
C:41:_:F,C:98:_:V,Undirected,715,,1,V:SC_SC,2.408,,HE1,HA,,,,,1,0
C:41:_:F,C:201:_:LIG,Undirected,716,,1,PP:SC_SC,6.333,87.836,"2.925,9.879,25.401","-0.065,4.424,26.592",,,,"T,Θ 70.79,γ 87.84,δ 16.01",1,0
C:42:_:F,C:45:_:F,Undirected,717,,3,V:SC_SC,2.891,156.648,HB3,CD2,C:45:_:F,,,"I,Θ 63.53,γ 43.66,δ 26.30",1,2
C:42:_:F,C:63:_:H,Undirected,720,,2,V:SC_SC,2.891,63.289,HE1,CD2,,,,"T,Θ 14.73,γ 63.29,δ 52.19",1,1
C:42:_:F,C:201:_:LIG,Undirected,722,,1,PP:SC_SC,5.793,20.586,"1.122,7.268,31.497","-0.065,4.424,26.592",,,,"P,Θ 41.58,γ 20.59,δ 21.28",1,0
C:45:_:F,C:57:_:N,Undirected,723,,1,H:MC_SC,2.82,169.575,O,ND2,C:57:_:N,,,,1,0
C:45:_:F,C:59:_:K,Undirected,724,,1,V:SC_SC,2.416,,HA,HD2,,,,,1,0
C:45:_:F,C:63:_:H,Undirected,725,,1,PP:SC_SC,6.03,72.884,"-0.349,8.427,36.037","-3.364,4.463,32.636",,,,"T,Θ 12.39,γ 72.88,δ 54.98",1,0
C:47:_:D,C:57:_:N,Undirected,726,,1,V:MC_SC,2.707,,O,HD21,,,,,1,0
C:48:_:L,C:54:_:V,Undirected,727,,1,V:SC_SC,2.399,,HD22,HA,,,,,1,0
C:50:_:T,C:53:_:A,Undirected,728,,3,V:SC_SC,2.723,155.05,OG1,HB1,C:53:_:A,,,,1,2
C:50:_:T,C:54:_:V,Undirected,731,,1,H:MC_MC,3.131,168.22,O,N,C:54:_:V,,,,1,0
C:51:_:P,C:55:_:M,Undirected,732,,2,V:MC_SC,3.201,166.021,O,CG,C:55:_:M,,,,1,1
C:52:_:D,C:56:_:G,Undirected,734,,1,H:MC_MC,2.907,162.281,O,N,C:56:_:G,,,,1,0
C:53:_:A,C:57:_:N,Undirected,735,,1,V:MC_SC,3.233,,O,CB,,,,,1,0
C:57:_:N,C:60:_:V,Undirected,736,,2,V:SC_SC,2.928,125.499,CB,HG22,C:60:_:V,,,,1,1
C:57:_:N,C:61:_:K,Undirected,738,,1,H:MC_MC,3.19,160.144,O,N,C:61:_:K,,,,1,0
C:58:_:P,C:62:_:A,Undirected,739,,1,H:MC_MC,3.033,156.799,O,N,C:62:_:A,,,,1,0
C:59:_:K,C:63:_:H,Undirected,740,,2,V:MC_SC,2.707,157.795,O,HB2,C:63:_:H,,,,1,1
C:60:_:V,C:64:_:G,Undirected,742,,1,H:MC_MC,2.859,147.621,O,N,C:64:_:G,,,,1,0
C:61:_:K,C:65:_:K,Undirected,743,,1,H:MC_MC,3.238,146.165,O,N,C:65:_:K,,,,1,0
C:63:_:H,C:66:_:K,Undirected,744,,1,H:SC_SC,3.298,142.955,ND1,NZ,C:66:_:K,,,,1,0
C:63:_:H,C:67:_:V,Undirected,745,,1,H:MC_MC,3.11,146.675,O,N,C:67:_:V,,,,1,0
C:63:_:H,C:201:_:LIG,Undirected,746,,3,V:SC_LIG,3.428,89.598,CE1,C1A,,,,"T,Θ 27.83,γ 89.60,δ 62.50",1,2
C:64:_:G,C:67:_:V,Undirected,749,,1,V:MC_SC,2.872,,C,H,,,,,1,0
C:64:_:G,C:68:_:L,Undirected,750,,1,H:MC_MC,3.013,152.44,O,N,C:68:_:L,,,,1,0
C:65:_:K,C:69:_:G,Undirected,751,,1,H:MC_MC,2.927,155.909,O,N,C:69:_:G,,,,1,0
C:66:_:K,C:70:_:A,Undirected,752,,2,V:MC_MC,3.081,147.107,O,N,C:70:_:A,,,,1,1
C:67:_:V,C:70:_:A,Undirected,754,,1,H:MC_MC,3.103,118.793,O,N,C:70:_:A,,,,1,0
C:67:_:V,C:71:_:F,Undirected,755,,2,V:SC_SC,2.899,173.234,CG1,HE2,C:71:_:F,,,,1,1
C:68:_:L,C:72:_:S,Undirected,757,,1,H:MC_MC,3.004,152.344,O,N,C:72:_:S,,,,1,0
C:69:_:G,C:72:_:S,Undirected,758,,1,V:MC_SC,2.909,,C,H,,,,,1,0
C:69:_:G,C:73:_:D,Undirected,759,,2,V:MC_MC,3.097,149.864,O,N,C:73:_:D,,,,1,1
C:70:_:A,C:73:_:D,Undirected,761,,1,V:MC_MC,3.054,,O,N,,,,,1,0
C:70:_:A,C:74:_:G,Undirected,762,,1,H:MC_MC,2.983,147.761,O,N,C:74:_:G,,,,1,0
C:71:_:F,C:75:_:L,Undirected,763,,1,H:MC_MC,2.971,157.11,O,N,C:75:_:L,,,,1,0
C:72:_:S,C:76:_:A,Undirected,764,,1,H:MC_MC,2.947,166.331,O,N,C:76:_:A,,,,1,0
C:73:_:D,C:76:_:A,Undirected,765,,1,V:MC_SC,2.694,,O,HB2,,,,,1,0
C:73:_:D,C:77:_:H,Undirected,766,,1,V:MC_SC,2.7,,O,H,,,,,1,0
C:74:_:G,C:77:_:H,Undirected,767,,2,V:MC_MC,3.218,145.917,O,C,C:77:_:H,,,,1,1
C:74:_:G,C:78:_:L,Undirected,769,,1,V:MC_SC,2.716,,O,HD22,,,,,1,0
C:77:_:H,C:80:_:N,Undirected,770,,1,H:MC_MC,2.874,150.605,O,N,C:80:_:N,,,,1,0
C:77:_:H,C:84:_:T,Undirected,771,,1,V:SC_SC,2.718,,HD1,OG1,,,,,1,0
C:80:_:N,C:84:_:T,Undirected,772,,1,H:MC_MC,2.84,165.504,O,N,C:84:_:T,,,,1,0
C:81:_:L,C:85:_:F,Undirected,773,,2,V:MC_MC,3.071,132.171,O,N,C:85:_:F,,,,1,1
C:81:_:L,C:140:_:A,Undirected,775,,1,V:MC_SC,2.737,,O,HB3,,,,,1,0
C:82:_:K,C:86:_:A,Undirected,776,,1,V:MC_MC,3.082,,O,N,,,,,1,0
C:82:_:K,C:139:_:N,Undirected,777,,1,H:SC_SC,3.116,126.089,NZ,OD1,C:82:_:K,,,,1,0
C:82:_:K,C:140:_:A,Undirected,778,,1,V:SC_SC,3.384,,CD,CB,,,,,1,0
C:83:_:G,C:86:_:A,Undirected,779,,2,V:MC_SC,2.913,170.119,C,H,C:86:_:A,,,,1,1
C:85:_:F,C:88:_:L,Undirected,781,,1,V:MC_SC,2.713,,O,H,,,,,1,0
C:85:_:F,C:89:_:S,Undirected,782,,1,H:MC_MC,2.704,138.575,O,N,C:89:_:S,,,,1,0
C:85:_:F,C:137:_:V,Undirected,783,,1,V:SC_SC,2.885,,CZ,HG13,,,,,1,0
C:86:_:A,C:89:_:S,Undirected,784,,1,H:MC_MC,2.952,118.73,O,N,C:89:_:S,,,,1,0
C:86:_:A,C:90:_:E,Undirected,785,,1,H:MC_MC,2.923,158.139,O,N,C:90:_:E,,,,1,0
C:87:_:T,C:91:_:L,Undirected,786,,1,H:MC_MC,3.266,167.21,O,N,C:91:_:L,,,,1,0
C:88:_:L,C:92:_:H,Undirected,787,,2,H:MC_MC,2.896,171.364,O,N,C:92:_:H,,,,1,1
C:89:_:S,C:93:_:C,Undirected,789,,1,H:MC_MC,2.974,140.366,O,N,C:93:_:C,,,,1,0
C:89:_:S,C:141:_:L,Undirected,790,,1,V:SC_MC,3.24,,CB,O,,,,,1,0
C:89:_:S,C:144:_:K,Undirected,791,,1,H:SC_MC,3.13,170.331,OG,N,C:144:_:K,,,,1,0
C:90:_:E,C:93:_:C,Undirected,792,,1,V:MC_SC,2.736,,O,H,,,,,1,0
C:90:_:E,C:94:_:D,Undirected,793,,2,V:MC_SC,3.191,131.219,O,CB,C:94:_:D,,,,1,1
C:90:_:E,C:95:_:K,Undirected,795,,1,H:MC_MC,3.339,147.575,O,N,C:95:_:K,,,,1,0
C:90:_:E,C:144:_:K,Undirected,796,,1,V:MC_SC,2.896,,CA,HG3,,,,,1,0
C:91:_:L,C:95:_:K,Undirected,797,,1,H:MC_MC,3.21,133.597,O,N,C:95:_:K,,,,1,0
C:91:_:L,C:96:_:L,Undirected,798,,1,H:MC_MC,2.966,155.94,O,N,C:96:_:L,,,,1,0
C:92:_:H,C:98:_:V,Undirected,799,,2,V:MC_SC,2.698,173.455,O,HG22,C:98:_:V,,,,1,1
C:92:_:H,C:103:_:F,Undirected,801,,1,PP:SC_SC,5.921,73.59,"-4.610,4.794,24.881","-0.620,3.109,20.843",,,,"T,Θ 28.62,γ 73.59,δ 42.19",1,0
C:92:_:H,C:201:_:LIG,Undirected,802,,5,V:SC_LIG,3.418,89.817,CE1,C1A,,,,"T,Θ 7.04,γ 89.82,δ 41.03",1,4
C:93:_:C,C:97:_:H,Undirected,807,,1,V:MC_SC,2.705,,O,HD2,,,,,1,0
C:93:_:C,C:144:_:K,Undirected,808,,1,V:SC_SC,2.926,,CB,HB2,,,,,1,0
C:93:_:C,C:145:_:Y,Undirected,809,,2,V:SC_SC,3.479,,SG,CE2,,,,,1,1
C:94:_:D,C:144:_:K,Undirected,811,,5,V:SC_SC,3.222,138.255,CG,NZ,C:144:_:K,C:144:_:K,,,1,4
C:96:_:L,C:201:_:LIG,Undirected,816,,2,V:SC_LIG,2.918,,HD13,CMD,,,,,1,1
C:97:_:H,C:145:_:Y,Undirected,818,,1,V:SC_SC,2.396,,HA,HH,,,,,1,0
C:98:_:V,C:145:_:Y,Undirected,819,,1,V:MC_SC,3.238,,O,CE2,,,,,1,0
C:99:_:D,C:102:_:N,Undirected,820,,1,H:MC_MC,2.98,142.751,O,N,C:102:_:N,,,,1,0
C:100:_:P,C:103:_:F,Undirected,821,,1,H:MC_MC,2.869,109.005,O,N,C:103:_:F,,,,1,0
C:100:_:P,C:104:_:R,Undirected,822,,1,H:MC_MC,3.023,165.778,O,N,C:104:_:R,,,,1,0
C:100:_:P,C:145:_:Y,Undirected,823,,1,V:SC_SC,2.388,,HG3,HD2,,,,,1,0
C:101:_:E,C:104:_:R,Undirected,824,,2,V:MC_SC,3.204,,O,CB,,,,,1,1
C:101:_:E,C:105:_:L,Undirected,826,,1,H:MC_MC,2.806,151.117,O,N,C:105:_:L,,,,1,0
C:102:_:N,C:106:_:L,Undirected,827,,1,H:MC_MC,2.946,158.528,O,N,C:106:_:L,,,,1,0
C:103:_:F,C:107:_:G,Undirected,828,,1,H:MC_MC,3.17,155.971,O,N,C:107:_:G,,,,1,0
C:103:_:F,C:138:_:A,Undirected,829,,1,V:SC_SC,2.392,,HB3,HA,,,,,1,0
C:103:_:F,C:142:_:A,Undirected,830,,1,V:SC_SC,2.395,,HE2,HB1,,,,,1,0
C:103:_:F,C:201:_:LIG,Undirected,831,,1,PP:SC_SC,5.924,87.891,"-0.620,3.109,20.843","-0.065,4.424,26.592",,,,"T,Θ 3.36,γ 87.89,δ 55.06",1,0
C:104:_:R,C:108:_:N,Undirected,832,,1,H:MC_MC,2.972,160.729,O,N,C:108:_:N,,,,1,0
C:104:_:R,C:138:_:A,Undirected,833,,1,V:SC_SC,2.393,,HG2,HB3,,,,,1,0
C:105:_:L,C:108:_:N,Undirected,834,,2,V:MC_MC,3.085,,O,N,,,,,1,1
C:105:_:L,C:109:_:V,Undirected,836,,2,V:MC_SC,3.203,154.704,O,CG2,C:109:_:V,,,,1,1
C:106:_:L,C:109:_:V,Undirected,838,,1,V:MC_SC,2.744,,O,H,,,,,1,0
C:106:_:L,C:110:_:L,Undirected,839,,1,H:MC_MC,3.024,149.735,O,N,C:110:_:L,,,,1,0
C:107:_:G,C:110:_:L,Undirected,840,,3,V:MC_MC,3.093,118.646,O,N,C:110:_:L,,,,1,2
C:107:_:G,C:111:_:V,Undirected,843,,1,H:MC_MC,3.025,174.367,O,N,C:111:_:V,,,,1,0
C:108:_:N,C:112:_:C,Undirected,844,,1,H:MC_MC,3.251,158.235,O,N,C:112:_:C,,,,1,0
C:109:_:V,C:112:_:C,Undirected,845,,1,V:MC_SC,2.718,,O,HB2,,,,,1,0
C:109:_:V,C:113:_:V,Undirected,846,,1,H:MC_MC,2.891,170.017,O,N,C:113:_:V,,,,1,0
C:110:_:L,C:113:_:V,Undirected,847,,1,V:MC_SC,2.696,,O,HB,,,,,1,0
C:110:_:L,C:114:_:L,Undirected,848,,1,H:MC_MC,2.897,177.364,O,N,C:114:_:L,,,,1,0
C:111:_:V,C:115:_:A,Undirected,849,,2,V:MC_MC,3.074,144.369,O,N,C:115:_:A,,,,1,1
C:112:_:C,C:115:_:A,Undirected,851,,2,V:MC_SC,3.237,,O,CB,,,,,1,1
C:112:_:C,C:116:_:H,Undirected,853,,2,V:MC_SC,2.904,144.722,C,H,C:116:_:H,,,,1,1
C:113:_:V,C:117:_:H,Undirected,855,,1,H:MC_MC,3.015,143.96,O,N,C:117:_:H,,,,1,0
C:114:_:L,C:117:_:H,Undirected,856,,1,H:MC_MC,3.161,123.486,O,N,C:117:_:H,,,,1,0
C:114:_:L,C:118:_:F,Undirected,857,,1,H:MC_MC,2.97,126.492,O,N,C:118:_:F,,,,1,0
C:115:_:A,C:119:_:G,Undirected,858,,1,V:MC_SC,2.728,,O,H,,,,,1,0
C:119:_:G,C:122:_:F,Undirected,859,,1,H:MC_MC,2.583,145.1,O,N,C:122:_:F,,,,1,0
C:122:_:F,C:130:_:Y,Undirected,860,,1,PP:SC_SC,6.442,25.469,"6.456,-16.007,28.804","0.541,-14.325,26.881",,,,"P,Θ 21.38,γ 25.47,δ 45.54",1,0
C:123:_:T,C:126:_:V,Undirected,861,,2,V:SC_SC,2.707,150.265,OG1,HG22,C:126:_:V,,,,1,1
C:123:_:T,C:127:_:Q,Undirected,863,,1,H:MC_MC,2.992,145.202,O,N,C:127:_:Q,,,,1,0
C:124:_:P,C:127:_:Q,Undirected,864,,2,V:MC_SC,2.911,121.837,C,H,C:127:_:Q,,,,1,1
C:124:_:P,C:128:_:A,Undirected,866,,1,H:MC_MC,2.964,169.718,O,N,C:128:_:A,,,,1,0
C:125:_:P,C:129:_:A,Undirected,867,,1,H:MC_MC,3.035,160.643,O,N,C:129:_:A,,,,1,0
C:126:_:V,C:130:_:Y,Undirected,868,,3,V:MC_SC,3.205,158.813,O,CD2,C:130:_:Y,,,,1,2
C:127:_:Q,C:131:_:Q,Undirected,871,,1,H:MC_MC,2.914,166.563,O,N,C:131:_:Q,,,,1,0
C:128:_:A,C:132:_:K,Undirected,872,,3,V:MC_SC,3.2,145.605,O,CG,C:132:_:K,,,,1,2
C:129:_:A,C:132:_:K,Undirected,875,,2,V:MC_SC,3.246,,O,CB,,,,,1,1
C:129:_:A,C:133:_:V,Undirected,877,,1,H:MC_MC,2.898,156.018,O,N,C:133:_:V,,,,1,0
C:130:_:Y,C:133:_:V,Undirected,878,,2,V:MC_SC,2.737,,O,H,,,,,1,1
C:130:_:Y,C:134:_:V,Undirected,880,,2,V:MC_SC,2.9,177.53,C,H,C:134:_:V,,,,1,1
C:131:_:Q,C:134:_:V,Undirected,882,,1,V:MC_SC,2.884,,CA,HG21,,,,,1,0
C:131:_:Q,C:135:_:A,Undirected,883,,1,H:MC_MC,2.997,152.133,O,N,C:135:_:A,,,,1,0
C:132:_:K,C:136:_:G,Undirected,884,,1,H:MC_MC,2.802,152.718,O,N,C:136:_:G,,,,1,0
C:132:_:K,D:146:_:H,Undirected,885,,2,V:SC_MC,2.722,,HD2,OXT,,,,,1,1
C:133:_:V,C:136:_:G,Undirected,887,,1,H:MC_MC,2.992,110.169,O,N,C:136:_:G,,,,1,0
C:133:_:V,C:137:_:V,Undirected,888,,1,H:MC_MC,2.937,164.704,O,N,C:137:_:V,,,,1,0
C:134:_:V,C:138:_:A,Undirected,889,,1,H:MC_MC,3.02,153.136,O,N,C:138:_:A,,,,1,0
C:135:_:A,C:138:_:A,Undirected,890,,2,V:MC_SC,2.886,,C,H,,,,,1,1
C:135:_:A,C:139:_:N,Undirected,892,,2,V:MC_MC,3.077,145.129,O,N,C:139:_:N,,,,1,1
C:136:_:G,C:140:_:A,Undirected,894,,1,H:MC_MC,2.926,171.764,O,N,C:140:_:A,,,,1,0
C:137:_:V,C:141:_:L,Undirected,895,,1,H:MC_MC,2.839,163.431,O,N,C:141:_:L,,,,1,0
C:138:_:A,C:142:_:A,Undirected,896,,1,H:MC_MC,3.179,143.195,O,N,C:142:_:A,,,,1,0
C:140:_:A,C:143:_:H,Undirected,897,,1,H:MC_MC,3.335,157.94,O,N,C:143:_:H,,,,1,0
C:141:_:L,C:201:_:LIG,Undirected,898,,1,V:SC_LIG,3.414,,CD1,C3B,,,,,1,0
C:142:_:A,C:145:_:Y,Undirected,899,,2,V:MC_SC,2.88,146.985,C,H,C:145:_:Y,,,,1,1
C:143:_:H,C:146:_:H,Undirected,901,,3,V:SC_SC,2.745,153.914,HA,ND1,C:146:_:H,,,"T,Θ 35.10,γ 83.21,δ 27.23",1,2
C:146:_:H,D:1:_:V,Undirected,904,,1,V:SC_MC,2.879,,HXT,C,,,,,1,0
C:146:_:H,D:2:_:H,Undirected,905,,2,H:MC_MC,3.374,161.861,O,N,D:2:_:H,,,,1,1
D:3:_:L,D:8:_:K,Undirected,907,,1,V:SC_SC,2.886,,CD1,HA,,,,,1,0
D:4:_:T,D:7:_:E,Undirected,908,,7,V:MC_SC,3.207,160.573,O,CB,D:4:_:T,,,,1,6
D:4:_:T,D:8:_:K,Undirected,915,,2,V:MC_SC,2.916,159.563,C,H,D:8:_:K,,,,1,1
D:5:_:P,D:9:_:S,Undirected,917,,1,H:MC_MC,3.136,168.337,O,N,D:9:_:S,,,,1,0
D:6:_:E,D:10:_:A,Undirected,918,,1,H:MC_MC,3.26,155.789,O,N,D:10:_:A,,,,1,0
D:7:_:E,D:11:_:V,Undirected,919,,2,V:MC_SC,2.718,160.773,O,HG22,D:11:_:V,,,,1,1
D:7:_:E,D:129:_:A,Undirected,921,,1,V:SC_SC,2.906,,CG,HB1,,,,,1,0
D:7:_:E,D:132:_:K,Undirected,922,,2,H:SC_SC,3.348,144.455,OE2,NZ,D:132:_:K,D:132:_:K,,,1,1
D:8:_:K,D:11:_:V,Undirected,924,,1,V:MC_SC,2.715,,O,HB,,,,,1,0
D:8:_:K,D:12:_:T,Undirected,925,,2,V:MC_SC,2.726,154.654,O,HG23,D:12:_:T,,,,1,1
D:8:_:K,D:78:_:L,Undirected,927,,1,V:SC_SC,2.742,,NZ,HD12,,,,,1,0
D:9:_:S,D:12:_:T,Undirected,928,,1,H:MC_SC,3.199,128.775,O,OG1,D:12:_:T,,,,1,0
D:9:_:S,D:13:_:A,Undirected,929,,3,V:MC_SC,3.203,161.53,O,CB,D:13:_:A,,,,1,2
D:10:_:A,D:14:_:L,Undirected,932,,1,H:MC_MC,2.947,159.434,O,N,D:14:_:L,,,,1,0
D:11:_:V,D:15:_:W,Undirected,933,,1,H:MC_MC,3.22,137.063,O,N,D:15:_:W,,,,1,0
D:11:_:V,D:130:_:Y,Undirected,934,,1,H:MC_SC,2.317,129.816,O,OH,D:130:_:Y,,,,1,0
D:12:_:T,D:16:_:G,Undirected,935,,1,H:MC_MC,3.24,155.798,O,N,D:16:_:G,,,,1,0
D:13:_:A,D:17:_:K,Undirected,936,,1,V:MC_SC,2.694,,O,HD3,,,,,1,0
D:14:_:L,D:118:_:F,Undirected,937,,1,V:SC_SC,2.894,,HB2,CE2,,,,,1,0
D:14:_:L,D:121:_:E,Undirected,938,,2,V:SC_SC,3.206,,CD2,OE1,,,,,1,1
D:14:_:L,D:126:_:V,Undirected,940,,2,V:SC_SC,2.924,,CD1,HG11,,,,,1,1
D:15:_:W,D:18:_:V,Undirected,942,,1,H:MC_MC,2.88,165.831,O,N,D:18:_:V,,,,1,0
D:15:_:W,D:72:_:S,Undirected,943,,2,V:SC_SC,2.766,152.373,NE1,HA,D:15:_:W,,,,1,1
D:15:_:W,D:75:_:L,Undirected,945,,1,V:SC_SC,3.384,,CE2,CD1,,,,,1,0
D:15:_:W,D:130:_:Y,Undirected,946,,1,PP:SC_SC,6.314,32.489,"1.287,3.554,-7.723","0.750,7.913,-3.186",,,,"I,Θ 20.76,γ 32.49,δ 24.17",1,0
D:18:_:V,D:23:_:V,Undirected,947,,1,V:SC_SC,2.911,,HG13,CG2,,,,,1,0
D:18:_:V,D:118:_:F,Undirected,948,,2,V:SC_SC,3.377,,CG2,CZ,,,,,1,1
D:19:_:N,D:22:_:E,Undirected,950,,1,H:SC_MC,2.827,170.183,OD1,N,D:22:_:E,,,,1,0
D:19:_:N,D:23:_:V,Undirected,951,,2,V:MC_SC,3.192,160.112,O,CB,D:23:_:V,,,,1,1
D:20:_:V,D:24:_:G,Undirected,953,,2,V:MC_SC,2.873,140.295,C,H,D:24:_:G,,,,1,1
D:20:_:V,D:68:_:L,Undirected,955,,1,V:MC_SC,2.741,,O,HD21,,,,,1,0
D:21:_:D,D:25:_:G,Undirected,956,,1,H:MC_MC,2.987,157.298,O,N,D:25:_:G,,,,1,0
D:21:_:D,D:65:_:K,Undirected,957,,3,V:SC_SC,2.398,164.556,HA,HG2,D:65:_:K,D:65:_:K,,,1,2
D:22:_:E,D:26:_:E,Undirected,960,,1,H:MC_MC,2.969,154.085,O,N,D:26:_:E,,,,1,0
D:22:_:E,D:117:_:H,Undirected,961,,1,V:SC_SC,2.771,,HB3,NE2,,,,,1,0
D:23:_:V,D:27:_:A,Undirected,962,,2,V:MC_SC,2.702,151.992,O,HB2,D:27:_:A,,,,1,1
D:23:_:V,D:68:_:L,Undirected,964,,1,V:SC_SC,2.898,,HB,CD2,,,,,1,0
D:24:_:G,D:28:_:L,Undirected,965,,1,H:MC_MC,3.194,162.303,O,N,D:28:_:L,,,,1,0
D:24:_:G,D:68:_:L,Undirected,966,,1,V:MC_SC,3.258,,N,CD2,,,,,1,0
D:25:_:G,D:29:_:G,Undirected,967,,1,H:MC_MC,3.014,150.522,O,N,D:29:_:G,,,,1,0
D:26:_:E,D:30:_:R,Undirected,968,,4,V:MC_SC,2.693,165.093,O,HG2,D:30:_:R,,,,1,3
D:27:_:A,D:31:_:L,Undirected,972,,1,H:MC_MC,3.112,141.71,O,N,D:31:_:L,,,,1,0
D:27:_:A,D:109:_:V,Undirected,973,,1,V:MC_SC,3.211,,O,CG1,,,,,1,0
D:28:_:L,D:31:_:L,Undirected,974,,1,V:MC_SC,2.896,,C,H,,,,,1,0
D:28:_:L,D:32:_:L,Undirected,975,,1,H:MC_MC,3.318,149.108,O,N,D:32:_:L,,,,1,0
D:28:_:L,D:63:_:H,Undirected,976,,1,V:SC_SC,2.875,,CD2,HD2,,,,,1,0
D:29:_:G,D:32:_:L,Undirected,977,,2,V:MC_MC,3.052,120.131,O,N,D:32:_:L,,,,1,1
D:29:_:G,D:33:_:V,Undirected,979,,1,H:MC_MC,2.945,145.053,O,N,D:33:_:V,,,,1,0
D:29:_:G,D:54:_:V,Undirected,980,,2,V:MC_SC,2.728,,O,HG11,,,,,1,1
D:30:_:R,D:33:_:V,Undirected,982,,1,V:MC_SC,2.919,,C,H,,,,,1,0
D:30:_:R,D:34:_:V,Undirected,983,,1,H:MC_MC,2.888,158.294,O,N,D:34:_:V,,,,1,0
D:30:_:R,D:116:_:H,Undirected,984,,1,PC:SC_SC,4.871,21.348,CZ,"14.312,10.639,-8.024",,,D:30:_:R,"I,α 21.35,γ 47.39",1,0
D:31:_:L,D:35:_:Y,Undirected,985,,2,V:SC_SC,2.408,143.89,HD12,HD2,D:35:_:Y,,,,1,1
D:32:_:L,D:36:_:P,Undirected,987,,1,V:MC_MC,3.189,,O,CA,,,,,1,0
D:32:_:L,D:38:_:T,Undirected,988,,1,V:SC_SC,2.919,,HD22,CB,,,,,1,0
D:32:_:L,D:39:_:Q,Undirected,989,,1,H:MC_SC,2.955,159.004,O,NE2,D:39:_:Q,,,,1,0
D:35:_:Y,D:38:_:T,Undirected,990,,3,V:MC_SC,2.742,161.582,O,HG23,D:38:_:T,,,,1,2
D:36:_:P,D:39:_:Q,Undirected,993,,3,V:MC_SC,3.217,154.227,O,CB,D:39:_:Q,,,,1,2
D:37:_:W,D:40:_:R,Undirected,996,,1,H:MC_MC,3.367,158.936,O,N,D:40:_:R,,,,1,0
D:37:_:W,D:102:_:N,Undirected,997,,1,H:SC_SC,3.111,157.281,NE1,OD1,D:37:_:W,,,,1,0
D:38:_:T,D:41:_:F,Undirected,998,,1,H:MC_MC,2.922,152.996,O,N,D:41:_:F,,,,1,0
D:39:_:Q,D:42:_:F,Undirected,999,,1,H:MC_MC,2.784,141.801,O,N,D:42:_:F,,,,1,0
D:41:_:F,D:201:_:LIG,Undirected,1000,,3,V:SC_LIG,3.43,89.061,CD2,CBC,,,,"T,Θ 69.49,γ 89.06,δ 19.26",1,2
D:42:_:F,D:45:_:F,Undirected,1003,,3,V:SC_SC,2.908,142.203,HB3,CD2,D:45:_:F,,,"I,Θ 61.38,γ 47.79,δ 22.44",1,2
D:42:_:F,D:63:_:H,Undirected,1006,,1,PP:SC_SC,5.533,50.285,"15.266,-9.261,-4.298","10.721,-8.775,-7.417",,,,"T,Θ 36.40,γ 50.28,δ 20.39",1,0
D:42:_:F,D:201:_:LIG,Undirected,1007,,2,V:SC_LIG,2.896,23.86,HZ,CHD,,,,"P,Θ 38.67,γ 23.86,δ 15.06",1,1
D:43:_:E,D:46:_:G,Undirected,1009,,1,H:MC_MC,3.36,163.286,O,N,D:46:_:G,,,,1,0
D:45:_:F,D:57:_:N,Undirected,1010,,1,H:MC_SC,3.346,171.998,O,ND2,D:57:_:N,,,,1,0
D:45:_:F,D:60:_:V,Undirected,1011,,1,V:SC_SC,2.886,,HD2,CG2,,,,,1,0
D:45:_:F,D:63:_:H,Undirected,1012,,1,PP:SC_SC,5.82,75.782,"16.141,-10.394,-8.788","10.721,-8.775,-7.417",,,,"T,Θ 3.55,γ 75.78,δ 49.81",1,0
D:50:_:T,D:53:_:A,Undirected,1013,,3,V:SC_MC,3.059,162.992,OG1,N,D:53:_:A,,,,1,2
D:50:_:T,D:54:_:V,Undirected,1016,,2,V:MC_SC,3.203,158.698,O,CG2,D:54:_:V,,,,1,1
D:51:_:P,D:55:_:M,Undirected,1018,,1,H:MC_MC,2.905,148.639,O,N,D:55:_:M,,,,1,0
D:52:_:D,D:55:_:M,Undirected,1019,,1,V:MC_SC,2.696,,O,H,,,,,1,0
D:52:_:D,D:56:_:G,Undirected,1020,,1,H:MC_MC,2.885,162.99,O,N,D:56:_:G,,,,1,0
D:57:_:N,D:60:_:V,Undirected,1021,,2,V:SC_SC,2.911,170.597,HB3,CB,D:60:_:V,,,,1,1
D:57:_:N,D:61:_:K,Undirected,1023,,1,H:MC_MC,2.969,165.452,O,N,D:61:_:K,,,,1,0
D:58:_:P,D:62:_:A,Undirected,1024,,1,H:MC_MC,2.809,151.55,O,N,D:62:_:A,,,,1,0
D:59:_:K,D:63:_:H,Undirected,1025,,1,H:MC_MC,2.907,149.329,O,N,D:63:_:H,,,,1,0
D:60:_:V,D:64:_:G,Undirected,1026,,1,H:MC_MC,3.106,172.442,O,N,D:64:_:G,,,,1,0
D:61:_:K,D:65:_:K,Undirected,1027,,1,H:MC_MC,3.299,169.634,O,N,D:65:_:K,,,,1,0
D:62:_:A,D:66:_:K,Undirected,1028,,1,V:MC_SC,2.711,,O,HG3,,,,,1,0
D:63:_:H,D:66:_:K,Undirected,1029,,1,H:MC_MC,3.028,113.035,O,N,D:66:_:K,,,,1,0
D:63:_:H,D:67:_:V,Undirected,1030,,1,H:MC_MC,2.881,178.318,O,N,D:67:_:V,,,,1,0
D:63:_:H,D:201:_:LIG,Undirected,1031,,2,V:SC_LIG,2.761,82.659,HE2,ND,,,,"T,Θ 16.12,γ 82.66,δ 65.36",1,1
D:64:_:G,D:68:_:L,Undirected,1033,,2,V:MC_SC,2.728,146.042,O,HB3,D:68:_:L,,,,1,1
D:65:_:K,D:69:_:G,Undirected,1035,,2,V:MC_MC,3.101,161.283,O,N,D:69:_:G,,,,1,1
D:66:_:K,D:70:_:A,Undirected,1037,,1,H:MC_MC,3.159,156.021,O,N,D:70:_:A,,,,1,0
D:67:_:V,D:70:_:A,Undirected,1038,,1,V:MC_SC,2.708,,O,HB2,,,,,1,0
D:67:_:V,D:71:_:F,Undirected,1039,,1,H:MC_MC,3.229,168.745,O,N,D:71:_:F,,,,1,0
D:68:_:L,D:72:_:S,Undirected,1040,,2,V:MC_SC,2.9,163.541,C,H,D:72:_:S,,,,1,1
D:69:_:G,D:72:_:S,Undirected,1042,,1,V:MC_SC,2.88,,C,HB2,,,,,1,0
D:69:_:G,D:73:_:D,Undirected,1043,,2,V:MC_MC,3.083,148.732,O,N,D:73:_:D,,,,1,1
D:70:_:A,D:73:_:D,Undirected,1045,,1,H:MC_MC,2.951,114.314,O,N,D:73:_:D,,,,1,0
D:70:_:A,D:74:_:G,Undirected,1046,,1,H:MC_MC,2.819,150.269,O,N,D:74:_:G,,,,1,0
D:71:_:F,D:75:_:L,Undirected,1047,,2,V:MC_SC,2.927,160.422,C,H,D:75:_:L,,,,1,1
D:71:_:F,D:134:_:V,Undirected,1049,,1,V:SC_SC,2.9,,CE1,HG12,,,,,1,0
D:71:_:F,D:137:_:V,Undirected,1050,,1,V:SC_SC,2.887,,CE1,HG11,,,,,1,0
D:72:_:S,D:76:_:A,Undirected,1051,,1,H:MC_MC,3.143,152.709,O,N,D:76:_:A,,,,1,0
D:73:_:D,D:77:_:H,Undirected,1052,,1,H:MC_SC,2.957,151.533,O,ND1,D:77:_:H,,,,1,0
D:74:_:G,D:77:_:H,Undirected,1053,,2,V:MC_MC,3.208,147.688,O,C,D:77:_:H,,,,1,1
D:74:_:G,D:81:_:L,Undirected,1055,,1,V:MC_SC,2.704,,O,HD23,,,,,1,0
D:77:_:H,D:80:_:N,Undirected,1056,,1,H:MC_MC,3.127,162.497,O,N,D:80:_:N,,,,1,0
D:77:_:H,D:84:_:T,Undirected,1057,,1,V:SC_SC,3.192,,CB,OG1,,,,,1,0
D:80:_:N,D:83:_:G,Undirected,1058,,1,H:SC_MC,2.837,129.409,OD1,N,D:83:_:G,,,,1,0
D:80:_:N,D:84:_:T,Undirected,1059,,1,H:MC_MC,3.176,166.349,O,N,D:84:_:T,,,,1,0
D:81:_:L,D:85:_:F,Undirected,1060,,2,V:MC_MC,3.089,146.193,O,N,D:85:_:F,,,,1,1
D:83:_:G,D:86:_:A,Undirected,1062,,2,V:MC_SC,2.899,168.988,C,H,D:86:_:A,,,,1,1
D:85:_:F,D:89:_:S,Undirected,1064,,1,H:MC_MC,2.737,148.077,O,N,D:89:_:S,,,,1,0
D:85:_:F,D:137:_:V,Undirected,1065,,1,V:SC_SC,2.873,,CE2,HG13,,,,,1,0
D:85:_:F,D:140:_:A,Undirected,1066,,1,V:SC_SC,2.39,,HB2,HB3,,,,,1,0
D:86:_:A,D:89:_:S,Undirected,1067,,1,V:MC_SC,2.711,,O,H,,,,,1,0
D:86:_:A,D:90:_:E,Undirected,1068,,1,H:MC_MC,3.141,146.74,O,N,D:90:_:E,,,,1,0
D:87:_:T,D:90:_:E,Undirected,1069,,2,V:MC_SC,2.892,,C,H,,,,,1,1
D:87:_:T,D:91:_:L,Undirected,1071,,1,H:MC_MC,2.997,151.71,O,N,D:91:_:L,,,,1,0
D:88:_:L,D:91:_:L,Undirected,1072,,2,V:MC_SC,2.739,,O,HB2,,,,,1,1
D:88:_:L,D:92:_:H,Undirected,1074,,2,H:MC_MC,3.02,164.91,O,N,D:92:_:H,,,,1,1
D:89:_:S,D:93:_:C,Undirected,1076,,1,H:MC_MC,2.888,147.662,O,N,D:93:_:C,,,,1,0
D:89:_:S,D:143:_:H,Undirected,1077,,1,V:SC_SC,2.909,,HG,CB,,,,,1,0
D:89:_:S,D:144:_:K,Undirected,1078,,1,H:SC_MC,2.914,162.845,OG,N,D:144:_:K,,,,1,0
D:90:_:E,D:94:_:D,Undirected,1079,,1,H:MC_MC,3.004,131.282,O,N,D:94:_:D,,,,1,0
D:90:_:E,D:144:_:K,Undirected,1080,,1,V:SC_SC,2.385,,HG2,HE3,,,,,1,0
D:91:_:L,D:95:_:K,Undirected,1081,,1,V:MC_SC,2.693,,O,H,,,,,1,0
D:91:_:L,D:96:_:L,Undirected,1082,,3,V:SC_SC,2.423,144.059,HG,HD12,D:96:_:L,,,,1,2
D:91:_:L,D:201:_:LIG,Undirected,1085,,1,V:SC_LIG,3.382,,CD2,CBA,,,,,1,0
D:92:_:H,D:98:_:V,Undirected,1086,,2,V:MC_SC,2.884,159.321,C,H,D:98:_:V,,,,1,1
D:92:_:H,D:103:_:F,Undirected,1088,,2,V:SC_SC,2.924,68.869,CB,HZ,,,,"T,Θ 23.34,γ 68.87,δ 42.89",1,1
D:92:_:H,D:201:_:LIG,Undirected,1090,,2,PP:SC_SC,4.825,89.703,"6.951,-11.178,-0.954","10.659,-8.110,-0.609",,,,"T,Θ 39.65,γ 89.70,δ 6.67",1,1
D:93:_:C,D:97:_:H,Undirected,1092,,2,V:MC_SC,3.203,129.791,O,CD2,D:97:_:H,,,,1,1
D:93:_:C,D:145:_:Y,Undirected,1094,,1,V:SC_SC,2.906,,HB3,CE1,,,,,1,0
D:94:_:D,D:144:_:K,Undirected,1095,,4,V:SC_SC,2.896,138.834,CG,HZ1,D:144:_:K,D:144:_:K,,,1,3
D:97:_:H,D:145:_:Y,Undirected,1099,,2,V:SC_SC,2.74,,HA,OH,,,,,1,1
D:98:_:V,D:103:_:F,Undirected,1101,,1,V:SC_SC,3.414,,CG1,CE1,,,,,1,0
D:98:_:V,D:145:_:Y,Undirected,1102,,1,V:MC_SC,2.713,,O,HE2,,,,,1,0
D:99:_:D,D:102:_:N,Undirected,1103,,2,V:SC_SC,2.413,130.987,H,HD21,D:102:_:N,,,,1,1
D:100:_:P,D:103:_:F,Undirected,1105,,1,H:MC_MC,2.929,121.95,O,N,D:103:_:F,,,,1,0
D:100:_:P,D:104:_:R,Undirected,1106,,1,H:MC_MC,3.29,144.65,O,N,D:104:_:R,,,,1,0
D:100:_:P,D:145:_:Y,Undirected,1107,,1,V:SC_SC,2.892,,HG3,CD2,,,,,1,0
D:101:_:E,D:104:_:R,Undirected,1108,,5,V:MC_SC,3.224,138.98,CA,NH2,D:104:_:R,,,,1,4
D:101:_:E,D:105:_:L,Undirected,1113,,1,H:MC_MC,2.897,156.232,O,N,D:105:_:L,,,,1,0
D:102:_:N,D:106:_:L,Undirected,1114,,1,H:MC_MC,2.91,154.458,O,N,D:106:_:L,,,,1,0
D:103:_:F,D:107:_:G,Undirected,1115,,1,H:MC_MC,3.188,161.336,O,N,D:107:_:G,,,,1,0
D:103:_:F,D:141:_:L,Undirected,1116,,1,V:SC_SC,2.901,,CE2,HB2,,,,,1,0
D:103:_:F,D:142:_:A,Undirected,1117,,1,V:SC_SC,2.377,,HE2,HA,,,,,1,0
D:103:_:F,D:201:_:LIG,Undirected,1118,,1,PP:SC_SC,5.888,88.607,"7.206,-8.031,4.161","10.659,-8.110,-0.609",,,,"T,Θ 7.56,γ 88.61,δ 52.57",1,0
D:104:_:R,D:108:_:N,Undirected,1119,,1,H:MC_MC,2.799,149.575,O,N,D:108:_:N,,,,1,0
D:105:_:L,D:108:_:N,Undirected,1120,,1,V:MC_SC,2.925,,C,H,,,,,1,0
D:105:_:L,D:109:_:V,Undirected,1121,,1,H:MC_MC,3.01,164.981,O,N,D:109:_:V,,,,1,0
D:106:_:L,D:110:_:L,Undirected,1122,,1,H:MC_MC,2.755,152.885,O,N,D:110:_:L,,,,1,0
D:106:_:L,D:201:_:LIG,Undirected,1123,,2,V:SC_LIG,2.895,,HD22,CAB,,,,,1,1
D:107:_:G,D:110:_:L,Undirected,1125,,2,V:MC_MC,3.09,,O,N,,,,,1,1
D:107:_:G,D:111:_:V,Undirected,1127,,1,H:MC_MC,3.02,170.22,O,N,D:111:_:V,,,,1,0
D:107:_:G,D:134:_:V,Undirected,1128,,2,V:MC_SC,2.924,,C,HG23,,,,,1,1
D:108:_:N,D:112:_:C,Undirected,1130,,1,H:MC_MC,3.17,169.358,O,N,D:112:_:C,,,,1,0
D:109:_:V,D:113:_:V,Undirected,1131,,1,H:MC_MC,2.977,167.315,O,N,D:113:_:V,,,,1,0
D:110:_:L,D:113:_:V,Undirected,1132,,1,V:MC_SC,2.706,,O,H,,,,,1,0
D:110:_:L,D:114:_:L,Undirected,1133,,1,H:MC_MC,2.882,173.536,O,N,D:114:_:L,,,,1,0
D:111:_:V,D:115:_:A,Undirected,1134,,1,H:MC_MC,2.921,161.7,O,N,D:115:_:A,,,,1,0
D:111:_:V,D:122:_:F,Undirected,1135,,1,V:SC_SC,2.915,,CG1,HZ,,,,,1,0
D:112:_:C,D:116:_:H,Undirected,1136,,1,H:MC_MC,3.217,148.106,O,N,D:116:_:H,,,,1,0
D:113:_:V,D:116:_:H,Undirected,1137,,2,V:MC_MC,3.201,,O,CA,,,,,1,1
D:113:_:V,D:117:_:H,Undirected,1139,,1,H:MC_MC,2.759,128.164,O,N,D:117:_:H,,,,1,0
D:114:_:L,D:117:_:H,Undirected,1140,,1,H:MC_MC,3.174,125.139,O,N,D:117:_:H,,,,1,0
D:114:_:L,D:118:_:F,Undirected,1141,,1,H:MC_MC,2.56,151.019,O,N,D:118:_:F,,,,1,0
D:118:_:F,D:121:_:E,Undirected,1142,,1,H:MC_MC,3.14,135.872,O,N,D:121:_:E,,,,1,0
D:118:_:F,D:122:_:F,Undirected,1143,,1,PP:SC_SC,6.281,39.701,"3.081,10.543,-7.490","5.579,12.764,-2.173",,,,"I,Θ 12.80,γ 39.70,δ 9.67",1,0
D:118:_:F,D:130:_:Y,Undirected,1144,,1,PP:SC_SC,5.556,51.34,"3.081,10.543,-7.490","0.750,7.913,-3.186",,,,"T,Θ 0.42,γ 51.34,δ 51.22",1,0
D:123:_:T,D:126:_:V,Undirected,1145,,2,V:MC_SC,2.924,120.689,C,H,D:126:_:V,,,,1,1
D:123:_:T,D:127:_:Q,Undirected,1147,,1,H:MC_MC,2.847,167.913,O,N,D:127:_:Q,,,,1,0
D:124:_:P,D:127:_:Q,Undirected,1148,,1,V:MC_SC,2.699,,O,H,,,,,1,0
D:124:_:P,D:128:_:A,Undirected,1149,,1,H:MC_MC,2.893,170.24,O,N,D:128:_:A,,,,1,0
D:125:_:P,D:129:_:A,Undirected,1150,,2,V:MC_MC,3.064,154.876,O,N,D:129:_:A,,,,1,1
D:126:_:V,D:130:_:Y,Undirected,1152,,2,V:SC_SC,2.418,155.676,HG13,HD2,D:130:_:Y,,,,1,1
D:127:_:Q,D:130:_:Y,Undirected,1154,,1,V:MC_SC,2.72,,O,H,,,,,1,0
D:127:_:Q,D:131:_:Q,Undirected,1155,,2,V:MC_MC,3.063,156.536,O,N,D:131:_:Q,,,,1,1
D:128:_:A,D:132:_:K,Undirected,1157,,3,V:MC_MC,3.087,163.764,O,N,D:132:_:K,,,,1,2
D:129:_:A,D:133:_:V,Undirected,1160,,1,H:MC_MC,3.023,159.714,O,N,D:133:_:V,,,,1,0
D:130:_:Y,D:134:_:V,Undirected,1161,,1,H:MC_MC,2.94,175.574,O,N,D:134:_:V,,,,1,0
D:131:_:Q,D:134:_:V,Undirected,1162,,1,V:MC_SC,2.737,,O,HG21,,,,,1,0
D:131:_:Q,D:135:_:A,Undirected,1163,,1,H:MC_MC,2.899,151.285,O,N,D:135:_:A,,,,1,0
D:132:_:K,D:136:_:G,Undirected,1164,,1,H:MC_MC,2.904,153.747,O,N,D:136:_:G,,,,1,0
D:133:_:V,D:136:_:G,Undirected,1165,,1,V:MC_MC,3.058,,O,N,,,,,1,0
D:133:_:V,D:137:_:V,Undirected,1166,,1,H:MC_MC,2.885,153.212,O,N,D:137:_:V,,,,1,0
D:134:_:V,D:138:_:A,Undirected,1167,,3,V:MC_MC,3.063,156.676,O,N,D:138:_:A,,,,1,2
D:135:_:A,D:139:_:N,Undirected,1170,,2,V:MC_MC,3.042,172.042,O,N,D:139:_:N,,,,1,1
D:136:_:G,D:140:_:A,Undirected,1172,,1,H:MC_MC,2.961,157.242,O,N,D:140:_:A,,,,1,0
D:137:_:V,D:141:_:L,Undirected,1173,,3,V:MC_SC,2.889,156.187,C,H,D:141:_:L,,,,1,2
D:138:_:A,D:142:_:A,Undirected,1176,,1,H:MC_MC,3.127,140.644,O,N,D:142:_:A,,,,1,0
D:139:_:N,D:142:_:A,Undirected,1177,,1,V:MC_SC,2.896,,C,H,,,,,1,0
D:140:_:A,D:143:_:H,Undirected,1178,,2,V:MC_SC,2.72,154.3,O,HB2,D:143:_:H,,,,1,1
D:141:_:L,D:201:_:LIG,Undirected,1180,,1,V:SC_LIG,2.882,,HD13,CBB,,,,,1,0
D:142:_:A,D:145:_:Y,Undirected,1181,,1,H:MC_MC,2.997,141.098,O,N,D:145:_:Y,,,,1,0
D:143:_:H,D:146:_:H,Undirected,1182,,2,H:MC_MC,2.89,161.041,O,N,D:146:_:H,,,"T,Θ 29.40,γ 88.95,δ 30.35",1,1
